Workbook

Sheet LEEME
A1: M20 · Plantilla de tablero de monitoreo con semáforos y gatillos
A2: Serie 2 «Del embudo al gobierno» · módulo M20 (monitoreo). Acompaña a M20_monitoreo_tablero.md y al notebook Marimo.
A4: QUÉ ES
A5: Una plantilla operable: por indicador, las cinco cosas escritas del curso (definición, umbral, frecuencia, responsable, acción) y 12 columnas mensuales donde se pegan valores. El estado (VERDE / AMARILLO / ROJO / SIN DATO) se calcula con fórmulas IF.
A7: CÓMO USARLA
A8: 1. Hoja «Tablero»: celdas amarillo claro = entradas. Cambia umbrales, dirección o pega valores en mes_01…mes_12. Celda C3 = mes de corte (1–12): el resumen, el diagnóstico y los gatillos se evalúan en ese mes.
A9: 2. Dirección: «mayor» = malo si el valor SUBE (PSI, caída de Gini); «menor» = malo si BAJA (p-valores, KS); «bilateral» = malo si |valor| supera el umbral (desvío de aprobación).
A10: 3. Hoja «Diagnostico»: cuenta indicadores persistentes (🟡/🔴 en el mes de corte Y el anterior) por familia y aplica el árbol datos → orden → nivel → población → negocio. Los mínimos por familia son parámetros.
A11: 4. Hoja «Gatillos»: cinco partes (condición, valor hoy, quién decide, acción, plazo); «disparado» se calcula, no se escribe.
A12: 5. Hoja «ARL_multiplicidad»: cuántas falsas alarmas esperar y cuánto demora un CUSUM vs el semáforo mensual.
A14: SUPUESTOS Y CAVEATS (léelos)
A15: • Los valores de mes_01…mes_11 son ILUSTRATIVOS (inventados para mostrar la mecánica). El mes_12 reproduce el tablero de Banco Austral de la clase 5 (corte ago-2026) donde el indicador existe: Gini −10,8%, KS 0,545, PSI 0,013, CSI 0,138, binomial p 0,56, bandas p mín 0,020, HL p 0,012, mix D+E +3,6 pts, swap-in p 0,04.
... A20: • Compatible con Excel y Google Sheets: solo IF, AND, OR, ABS, MAX, INDEX, MATCH, COUNTIF, COUNTIFS, EXP, NORM.S.DIST, SQRT. Sin macros ni tablas dinámicas. El color es formato condicional (si no se importa, el texto del estado basta).

Sheet Tablero
A1: Tablero de monitoreo — valores (entradas) y semáforos (fórmulas)
A3: Mes de corte (1–12) | C3: 12 | E3: α por test (para multiplicidad) | G3: 0.05
A5: id | B5: familia | C5: indicador | D5: definición | E5: dirección | F5: umbral 🟡 | G5: umbral 🔴 | H5: frecuencia | I5: rezago (meses) | J5: responsable | K5: acción si 🟡 | L5: acción si 🔴 | M5: paso (meses) | N5: mes_01 | O5: mes_02 | P5: mes_03 | Q5: mes_04 | R5: mes_05 | S5: mes_06 | T5: mes_07 | U5: mes_08 | V5: mes_09 | W5: mes_10 | X5: mes_11 | Y5: mes_12 | Z5: estado_01 | AA5: estado_02 | AB5: estado_03 | AC5: estado_04 | AD5: estado_05 | AE5: estado_06 | AF5: estado_07 | AG5: estado_08 | AH5: estado_09 | AI5: estado_10 | AJ5: estado_11 | AK5: estado_12 | AL5: valor al corte | AM5: estado al corte | AN5: estado medición anterior | AO5: persistente (2 mediciones) | AP5: rojo al corte
A6: D1 | B6: datos | C6: Violaciones de contrato (% solicitudes) | D6: Filas del mes con variable del modelo fuera de rango, missing no permitido o valor centinela / total de solicitudes | E6: mayor | F6: 1 | G6: 3 | H6: Mensual (diario en operación) | I6: 0 | J6: Dueño del dato (TI) | K6: Revisar feed y cola de excepciones en 48 h | L6: Contingencia: filas afectadas a política experta; corregir y re-puntuar | M6: 1 | N6: 0.1 | O6: 0.2 | P6: 0.1 | Q6: 0 | R6: 0.3 | S6: 0.2 | T6: 0.1 | U6: 0.4 | V6: 0.2 | W6: 0.1 | X6: 0.2 | Y6: 0.2 | Z6: =IF(N6="","SIN DATO",IF($E6="mayor",IF(N6>$G6,"ROJO",IF(N6>$F6,"AMARILLO","VERDE")),IF($E6="menor",IF(N6<$G6,"ROJO",IF(N6<$F6,"AMARILLO","VERDE")),IF(ABS(N6)>$G6,"ROJO",IF(ABS(N6)>$F6,"AMARILLO","VERDE"))))) | AA6: =IF(O6="","SIN DATO",IF($E6="mayor",IF(O6>$G6,"ROJO",IF(O6>$F6,"AMARILLO","VERDE")),IF($E6="menor",IF(O6<$G6,"ROJO",IF(O6<$F6,"AMARILLO","VERDE")),IF(ABS(O6)>$G6,"ROJO",IF(ABS(O6)>$F6,"AMARILLO","VERDE"))))) | AB6: =IF(P6="","SIN DATO",IF($E6="mayor",IF(P6>$G6,"ROJO",IF(P6>$F6,"AMARILLO","VERDE")),IF($E6="menor",IF(P6<$G6,"ROJO",IF(P6<$F6,"AMARILLO","VERDE")),IF(ABS(P6)>$G6,"ROJO",IF(ABS(P6)>$F6,"AMARILLO","VERDE"))))) | AC6: =IF(Q6="","SIN DATO",IF($E6="mayor",IF(Q6>$G6,"ROJO",IF(Q6>$F6,"AMARILLO","VERDE")),IF($E6="menor",IF(Q6<$G6,"ROJO",IF(Q6<$F6,"AMARILLO","VERDE")),IF(ABS(Q6)>$G6,"ROJO",IF(ABS(Q6)>$F6,"AMARILLO","VERDE"))))) | AD6: =IF(R6="","SIN DATO",IF($E6="mayor",IF(R6>$G6,"ROJO",IF(R6>$F6,"AMARILLO","VERDE")),IF($E6="menor",IF(R6<$G6,"ROJO",IF(R6<$F6,"AMARILLO","VERDE")),IF(ABS(R6)>$G6,"ROJO",IF(ABS(R6)>$F6,"AMARILLO","VERDE"))))) | AE6: =IF(S6="","SIN DATO",IF($E6="mayor",IF(S6>$G6,"ROJO",IF(S6>$F6,"AMARILLO","VERDE")),IF($E6="menor",IF(S6<$G6,"ROJO",IF(S6<$F6,"AMARILLO","VERDE")),IF(ABS(S6)>$G6,"ROJO",IF(ABS(S6)>$F6,"AMARILLO","VERDE"))))) | AF6: =IF(T6="","SIN DATO",IF($E6="mayor",IF(T6>$G6,"ROJO",IF(T6>$F6,"AMARILLO","VERDE")),IF($E6="menor",IF(T6<$G6,"ROJO",IF(T6<$F6,"AMARILLO","VERDE")),IF(ABS(T6)>$G6,"ROJO",IF(ABS(T6)>$F6,"AMARILLO","VERDE"))))) | AG6: =IF(U6="","SIN DATO",IF($E6="mayor",IF(U6>$G6,"ROJO",IF(U6>$F6,"AMARILLO","VERDE")),IF($E6="menor",IF(U6<$G6,"ROJO",IF(U6<$F6,"AMARILLO","VERDE")),IF(ABS(U6)>$G6,"ROJO",IF(ABS(U6)>$F6,"AMARILLO","VERDE"))))) | ... AK6: =IF(Y6="","SIN DATO",IF($E6="mayor",IF(Y6>$G6,"ROJO",IF(Y6>$F6,"AMARILLO","VERDE")),IF($E6="menor",IF(Y6<$G6,"ROJO",IF(Y6<$F6,"AMARILLO","VERDE")),IF(ABS(Y6)>$G6,"ROJO",IF(ABS(Y6)>$F6,"AMARILLO","VERDE"))))) | AL6: =IF(INDEX(N6:Y6,1,$C$3)="","—",INDEX(N6:Y6,1,$C$3)) | AM6: =INDEX(Z6:AK6,1,$C$3) | AN6: =IF($C$3-M6<1,"SIN DATO",INDEX(Z6:AK6,1,$C$3-M6)) | AO6: =IF(AND(OR(AM6="AMARILLO",AM6="ROJO"),OR(AN6="AMARILLO",AN6="ROJO")),"SÍ","no") | AP6: =IF(AM6="ROJO","SÍ","no")
A7: P1 | B7: población | C7: PSI del score DEV→bandeja (8 bandas) | D7: Σ (a−e)·ln(a/e) sobre las 8 bandas de la master scale; e = % DEV congelado | E7: mayor | F7: 0.1 | G7: 0.25 | H7: Mensual | I7: 0 | J7: Modelador | K7: Vigilancia reforzada; aportes por banda | L7: Revisar estrategia/cutoff; análisis de causa | M7: 1 | N7: 0.004 | O7: 0.006 | P7: 0.005 | Q7: 0.007 | R7: 0.006 | S7: 0.008 | T7: 0.009 | U7: 0.008 | V7: 0.01 | W7: 0.011 | X7: 0.012 | Y7: 0.013 | Z7: =IF(N7="","SIN DATO",IF($E7="mayor",IF(N7>$G7,"ROJO",IF(N7>$F7,"AMARILLO","VERDE")),IF($E7="menor",IF(N7<$G7,"ROJO",IF(N7<$F7,"AMARILLO","VERDE")),IF(ABS(N7)>$G7,"ROJO",IF(ABS(N7)>$F7,"AMARILLO","VERDE"))))) | AA7: =IF(O7="","SIN DATO",IF($E7="mayor",IF(O7>$G7,"ROJO",IF(O7>$F7,"AMARILLO","VERDE")),IF($E7="menor",IF(O7<$G7,"ROJO",IF(O7<$F7,"AMARILLO","VERDE")),IF(ABS(O7)>$G7,"ROJO",IF(ABS(O7)>$F7,"AMARILLO","VERDE"))))) | AB7: =IF(P7="","SIN DATO",IF($E7="mayor",IF(P7>$G7,"ROJO",IF(P7>$F7,"AMARILLO","VERDE")),IF($E7="menor",IF(P7<$G7,"ROJO",IF(P7<$F7,"AMARILLO","VERDE")),IF(ABS(P7)>$G7,"ROJO",IF(ABS(P7)>$F7,"AMARILLO","VERDE"))))) | AC7: =IF(Q7="","SIN DATO",IF($E7="mayor",IF(Q7>$G7,"ROJO",IF(Q7>$F7,"AMARILLO","VERDE")),IF($E7="menor",IF(Q7<$G7,"ROJO",IF(Q7<$F7,"AMARILLO","VERDE")),IF(ABS(Q7)>$G7,"ROJO",IF(ABS(Q7)>$F7,"AMARILLO","VERDE"))))) | AD7: =IF(R7="","SIN DATO",IF($E7="mayor",IF(R7>$G7,"ROJO",IF(R7>$F7,"AMARILLO","VERDE")),IF($E7="menor",IF(R7<$G7,"ROJO",IF(R7<$F7,"AMARILLO","VERDE")),IF(ABS(R7)>$G7,"ROJO",IF(ABS(R7)>$F7,"AMARILLO","VERDE"))))) | AE7: =IF(S7="","SIN DATO",IF($E7="mayor",IF(S7>$G7,"ROJO",IF(S7>$F7,"AMARILLO","VERDE")),IF($E7="menor",IF(S7<$G7,"ROJO",IF(S7<$F7,"AMARILLO","VERDE")),IF(ABS(S7)>$G7,"ROJO",IF(ABS(S7)>$F7,"AMARILLO","VERDE"))))) | AF7: =IF(T7="","SIN DATO",IF($E7="mayor",IF(T7>$G7,"ROJO",IF(T7>$F7,"AMARILLO","VERDE")),IF($E7="menor",IF(T7<$G7,"ROJO",IF(T7<$F7,"AMARILLO","VERDE")),IF(ABS(T7)>$G7,"ROJO",IF(ABS(T7)>$F7,"AMARILLO","VERDE"))))) | AG7: =IF(U7="","SIN DATO",IF($E7="mayor",IF(U7>$G7,"ROJO",IF(U7>$F7,"AMARILLO","VERDE")),IF($E7="menor",IF(U7<$G7,"ROJO",IF(U7<$F7,"AMARILLO","VERDE")),IF(ABS(U7)>$G7,"ROJO",IF(ABS(U7)>$F7,"AMARILLO","VERDE"))))) | ... AK7: =IF(Y7="","SIN DATO",IF($E7="mayor",IF(Y7>$G7,"ROJO",IF(Y7>$F7,"AMARILLO","VERDE")),IF($E7="menor",IF(Y7<$G7,"ROJO",IF(Y7<$F7,"AMARILLO","VERDE")),IF(ABS(Y7)>$G7,"ROJO",IF(ABS(Y7)>$F7,"AMARILLO","VERDE"))))) | AL7: =IF(INDEX(N7:Y7,1,$C$3)="","—",INDEX(N7:Y7,1,$C$3)) | AM7: =INDEX(Z7:AK7,1,$C$3) | AN7: =IF($C$3-M7<1,"SIN DATO",INDEX(Z7:AK7,1,$C$3-M7)) | AO7: =IF(AND(OR(AM7="AMARILLO",AM7="ROJO"),OR(AN7="AMARILLO",AN7="ROJO")),"SÍ","no") | AP7: =IF(AM7="ROJO","SÍ","no")
A8: P2 | B8: población | C8: CSI máximo DEV→bandeja | D8: Máximo sobre las variables del scorecard del PSI con los bins WoE de DEV | E8: mayor | F8: 0.1 | G8: 0.25 | H8: Mensual | I8: 0 | J8: Modelador | K8: Identificar variable y causa (producto, canal, feed) | L8: Revisar variable; evaluar impacto en score y calibración | M8: 1 | N8: 0.02 | O8: 0.03 | P8: 0.03 | Q8: 0.04 | R8: 0.05 | S8: 0.06 | T8: 0.07 | U8: 0.08 | V8: 0.09 | W8: 0.11 | X8: 0.12 | Y8: 0.138 | Z8: =IF(N8="","SIN DATO",IF($E8="mayor",IF(N8>$G8,"ROJO",IF(N8>$F8,"AMARILLO","VERDE")),IF($E8="menor",IF(N8<$G8,"ROJO",IF(N8<$F8,"AMARILLO","VERDE")),IF(ABS(N8)>$G8,"ROJO",IF(ABS(N8)>$F8,"AMARILLO","VERDE"))))) | AA8: =IF(O8="","SIN DATO",IF($E8="mayor",IF(O8>$G8,"ROJO",IF(O8>$F8,"AMARILLO","VERDE")),IF($E8="menor",IF(O8<$G8,"ROJO",IF(O8<$F8,"AMARILLO","VERDE")),IF(ABS(O8)>$G8,"ROJO",IF(ABS(O8)>$F8,"AMARILLO","VERDE"))))) | AB8: =IF(P8="","SIN DATO",IF($E8="mayor",IF(P8>$G8,"ROJO",IF(P8>$F8,"AMARILLO","VERDE")),IF($E8="menor",IF(P8<$G8,"ROJO",IF(P8<$F8,"AMARILLO","VERDE")),IF(ABS(P8)>$G8,"ROJO",IF(ABS(P8)>$F8,"AMARILLO","VERDE"))))) | AC8: =IF(Q8="","SIN DATO",IF($E8="mayor",IF(Q8>$G8,"ROJO",IF(Q8>$F8,"AMARILLO","VERDE")),IF($E8="menor",IF(Q8<$G8,"ROJO",IF(Q8<$F8,"AMARILLO","VERDE")),IF(ABS(Q8)>$G8,"ROJO",IF(ABS(Q8)>$F8,"AMARILLO","VERDE"))))) | AD8: =IF(R8="","SIN DATO",IF($E8="mayor",IF(R8>$G8,"ROJO",IF(R8>$F8,"AMARILLO","VERDE")),IF($E8="menor",IF(R8<$G8,"ROJO",IF(R8<$F8,"AMARILLO","VERDE")),IF(ABS(R8)>$G8,"ROJO",IF(ABS(R8)>$F8,"AMARILLO","VERDE"))))) | AE8: =IF(S8="","SIN DATO",IF($E8="mayor",IF(S8>$G8,"ROJO",IF(S8>$F8,"AMARILLO","VERDE")),IF($E8="menor",IF(S8<$G8,"ROJO",IF(S8<$F8,"AMARILLO","VERDE")),IF(ABS(S8)>$G8,"ROJO",IF(ABS(S8)>$F8,"AMARILLO","VERDE"))))) | AF8: =IF(T8="","SIN DATO",IF($E8="mayor",IF(T8>$G8,"ROJO",IF(T8>$F8,"AMARILLO","VERDE")),IF($E8="menor",IF(T8<$G8,"ROJO",IF(T8<$F8,"AMARILLO","VERDE")),IF(ABS(T8)>$G8,"ROJO",IF(ABS(T8)>$F8,"AMARILLO","VERDE"))))) | AG8: =IF(U8="","SIN DATO",IF($E8="mayor",IF(U8>$G8,"ROJO",IF(U8>$F8,"AMARILLO","VERDE")),IF($E8="menor",IF(U8<$G8,"ROJO",IF(U8<$F8,"AMARILLO","VERDE")),IF(ABS(U8)>$G8,"ROJO",IF(ABS(U8)>$F8,"AMARILLO","VERDE"))))) | ... AK8: =IF(Y8="","SIN DATO",IF($E8="mayor",IF(Y8>$G8,"ROJO",IF(Y8>$F8,"AMARILLO","VERDE")),IF($E8="menor",IF(Y8<$G8,"ROJO",IF(Y8<$F8,"AMARILLO","VERDE")),IF(ABS(Y8)>$G8,"ROJO",IF(ABS(Y8)>$F8,"AMARILLO","VERDE"))))) | AL8: =IF(INDEX(N8:Y8,1,$C$3)="","—",INDEX(N8:Y8,1,$C$3)) | AM8: =INDEX(Z8:AK8,1,$C$3) | AN8: =IF($C$3-M8<1,"SIN DATO",INDEX(Z8:AK8,1,$C$3-M8)) | AO8: =IF(AND(OR(AM8="AMARILLO",AM8="ROJO"),OR(AN8="AMARILLO",AN8="ROJO")),"SÍ","no") | AP8: =IF(AM8="ROJO","SÍ","no")
A9: P3 | B9: población | C9: Mix D+E en la bandeja (pts vs modelo) | D9: % de solicitudes en bandas D+E menos el % de referencia | E9: mayor | F9: 3 | G9: 6 | H9: Mensual | I9: 0 | J9: Modelador | K9: Vigilancia; revisar canal/campañas | L9: Revisar cutoff y capacidad de cobranza | M9: 1 | N9: 0.4 | O9: 0.6 | P9: 0.9 | Q9: 1.1 | R9: 1.5 | S9: 1.8 | T9: 2.2 | U9: 2.5 | V9: 2.8 | W9: 3.1 | X9: 3.3 | Y9: 3.6 | Z9: =IF(N9="","SIN DATO",IF($E9="mayor",IF(N9>$G9,"ROJO",IF(N9>$F9,"AMARILLO","VERDE")),IF($E9="menor",IF(N9<$G9,"ROJO",IF(N9<$F9,"AMARILLO","VERDE")),IF(ABS(N9)>$G9,"ROJO",IF(ABS(N9)>$F9,"AMARILLO","VERDE"))))) | AA9: =IF(O9="","SIN DATO",IF($E9="mayor",IF(O9>$G9,"ROJO",IF(O9>$F9,"AMARILLO","VERDE")),IF($E9="menor",IF(O9<$G9,"ROJO",IF(O9<$F9,"AMARILLO","VERDE")),IF(ABS(O9)>$G9,"ROJO",IF(ABS(O9)>$F9,"AMARILLO","VERDE"))))) | AB9: =IF(P9="","SIN DATO",IF($E9="mayor",IF(P9>$G9,"ROJO",IF(P9>$F9,"AMARILLO","VERDE")),IF($E9="menor",IF(P9<$G9,"ROJO",IF(P9<$F9,"AMARILLO","VERDE")),IF(ABS(P9)>$G9,"ROJO",IF(ABS(P9)>$F9,"AMARILLO","VERDE"))))) | AC9: =IF(Q9="","SIN DATO",IF($E9="mayor",IF(Q9>$G9,"ROJO",IF(Q9>$F9,"AMARILLO","VERDE")),IF($E9="menor",IF(Q9<$G9,"ROJO",IF(Q9<$F9,"AMARILLO","VERDE")),IF(ABS(Q9)>$G9,"ROJO",IF(ABS(Q9)>$F9,"AMARILLO","VERDE"))))) | AD9: =IF(R9="","SIN DATO",IF($E9="mayor",IF(R9>$G9,"ROJO",IF(R9>$F9,"AMARILLO","VERDE")),IF($E9="menor",IF(R9<$G9,"ROJO",IF(R9<$F9,"AMARILLO","VERDE")),IF(ABS(R9)>$G9,"ROJO",IF(ABS(R9)>$F9,"AMARILLO","VERDE"))))) | AE9: =IF(S9="","SIN DATO",IF($E9="mayor",IF(S9>$G9,"ROJO",IF(S9>$F9,"AMARILLO","VERDE")),IF($E9="menor",IF(S9<$G9,"ROJO",IF(S9<$F9,"AMARILLO","VERDE")),IF(ABS(S9)>$G9,"ROJO",IF(ABS(S9)>$F9,"AMARILLO","VERDE"))))) | AF9: =IF(T9="","SIN DATO",IF($E9="mayor",IF(T9>$G9,"ROJO",IF(T9>$F9,"AMARILLO","VERDE")),IF($E9="menor",IF(T9<$G9,"ROJO",IF(T9<$F9,"AMARILLO","VERDE")),IF(ABS(T9)>$G9,"ROJO",IF(ABS(T9)>$F9,"AMARILLO","VERDE"))))) | AG9: =IF(U9="","SIN DATO",IF($E9="mayor",IF(U9>$G9,"ROJO",IF(U9>$F9,"AMARILLO","VERDE")),IF($E9="menor",IF(U9<$G9,"ROJO",IF(U9<$F9,"AMARILLO","VERDE")),IF(ABS(U9)>$G9,"ROJO",IF(ABS(U9)>$F9,"AMARILLO","VERDE"))))) | ... AK9: =IF(Y9="","SIN DATO",IF($E9="mayor",IF(Y9>$G9,"ROJO",IF(Y9>$F9,"AMARILLO","VERDE")),IF($E9="menor",IF(Y9<$G9,"ROJO",IF(Y9<$F9,"AMARILLO","VERDE")),IF(ABS(Y9)>$G9,"ROJO",IF(ABS(Y9)>$F9,"AMARILLO","VERDE"))))) | AL9: =IF(INDEX(N9:Y9,1,$C$3)="","—",INDEX(N9:Y9,1,$C$3)) | AM9: =INDEX(Z9:AK9,1,$C$3) | AN9: =IF($C$3-M9<1,"SIN DATO",INDEX(Z9:AK9,1,$C$3-M9)) | AO9: =IF(AND(OR(AM9="AMARILLO",AM9="ROJO"),OR(AN9="AMARILLO",AN9="ROJO")),"SÍ","no") | AP9: =IF(AM9="ROJO","SÍ","no")
A10: N1 | B10: negocio | C10: Tasa de aprobación (desvío en pts vs plan) | D10: Aprobados / solicitudes menos la aprobación esperada con el cutoff vigente | E10: bilateral | F10: 5 | G10: 10 | H10: Mensual | I10: 0 | J10: Gerencia de Crédito | K10: Explicar desvío (mix, política, canal) | L10: Comité de Crédito revisa política | M10: 1 | N10: 0.5 | O10: -0.8 | P10: 1.2 | Q10: -0.4 | R10: 0.9 | S10: -1.5 | T10: -0.7 | U10: -1.9 | V10: -2.1 | W10: -2.4 | X10: -2.8 | Y10: -3.1 | Z10: =IF(N10="","SIN DATO",IF($E10="mayor",IF(N10>$G10,"ROJO",IF(N10>$F10,"AMARILLO","VERDE")),IF($E10="menor",IF(N10<$G10,"ROJO",IF(N10<$F10,"AMARILLO","VERDE")),IF(ABS(N10)>$G10,"ROJO",IF(ABS(N10)>$F10,"AMARILLO","VERDE"))))) | AA10: =IF(O10="","SIN DATO",IF($E10="mayor",IF(O10>$G10,"ROJO",IF(O10>$F10,"AMARILLO","VERDE")),IF($E10="menor",IF(O10<$G10,"ROJO",IF(O10<$F10,"AMARILLO","VERDE")),IF(ABS(O10)>$G10,"ROJO",IF(ABS(O10)>$F10,"AMARILLO","VERDE"))))) | AB10: =IF(P10="","SIN DATO",IF($E10="mayor",IF(P10>$G10,"ROJO",IF(P10>$F10,"AMARILLO","VERDE")),IF($E10="menor",IF(P10<$G10,"ROJO",IF(P10<$F10,"AMARILLO","VERDE")),IF(ABS(P10)>$G10,"ROJO",IF(ABS(P10)>$F10,"AMARILLO","VERDE"))))) | AC10: =IF(Q10="","SIN DATO",IF($E10="mayor",IF(Q10>$G10,"ROJO",IF(Q10>$F10,"AMARILLO","VERDE")),IF($E10="menor",IF(Q10<$G10,"ROJO",IF(Q10<$F10,"AMARILLO","VERDE")),IF(ABS(Q10)>$G10,"ROJO",IF(ABS(Q10)>$F10,"AMARILLO","VERDE"))))) | AD10: =IF(R10="","SIN DATO",IF($E10="mayor",IF(R10>$G10,"ROJO",IF(R10>$F10,"AMARILLO","VERDE")),IF($E10="menor",IF(R10<$G10,"ROJO",IF(R10<$F10,"AMARILLO","VERDE")),IF(ABS(R10)>$G10,"ROJO",IF(ABS(R10)>$F10,"AMARILLO","VERDE"))))) | AE10: =IF(S10="","SIN DATO",IF($E10="mayor",IF(S10>$G10,"ROJO",IF(S10>$F10,"AMARILLO","VERDE")),IF($E10="menor",IF(S10<$G10,"ROJO",IF(S10<$F10,"AMARILLO","VERDE")),IF(ABS(S10)>$G10,"ROJO",IF(ABS(S10)>$F10,"AMARILLO","VERDE"))))) | AF10: =IF(T10="","SIN DATO",IF($E10="mayor",IF(T10>$G10,"ROJO",IF(T10>$F10,"AMARILLO","VERDE")),IF($E10="menor",IF(T10<$G10,"ROJO",IF(T10<$F10,"AMARILLO","VERDE")),IF(ABS(T10)>$G10,"ROJO",IF(ABS(T10)>$F10,"AMARILLO","VERDE"))))) | AG10: =IF(U10="","SIN DATO",IF($E10="mayor",IF(U10>$G10,"ROJO",IF(U10>$F10,"AMARILLO","VERDE")),IF($E10="menor",IF(U10<$G10,"ROJO",IF(U10<$F10,"AMARILLO","VERDE")),IF(ABS(U10)>$G10,"ROJO",IF(ABS(U10)>$F10,"AMARILLO","VERDE"))))) | ... AK10: =IF(Y10="","SIN DATO",IF($E10="mayor",IF(Y10>$G10,"ROJO",IF(Y10>$F10,"AMARILLO","VERDE")),IF($E10="menor",IF(Y10<$G10,"ROJO",IF(Y10<$F10,"AMARILLO","VERDE")),IF(ABS(Y10)>$G10,"ROJO",IF(ABS(Y10)>$F10,"AMARILLO","VERDE"))))) | AL10: =IF(INDEX(N10:Y10,1,$C$3)="","—",INDEX(N10:Y10,1,$C$3)) | AM10: =INDEX(Z10:AK10,1,$C$3) | AN10: =IF($C$3-M10<1,"SIN DATO",INDEX(Z10:AK10,1,$C$3-M10)) | AO10: =IF(AND(OR(AM10="AMARILLO",AM10="ROJO"),OR(AN10="AMARILLO",AN10="ROJO")),"SÍ","no") | AP10: =IF(AM10="ROJO","SÍ","no")
A11: N2 | B11: negocio | C11: Override rate (% de rechazados aprobados) | D11: Aprobaciones por excepción / rechazados por score | E11: mayor | F11: 15 | G11: 25 | H11: Mensual | I11: 0 | J11: Gerencia de Crédito | K11: Auditar overrides por gestor y motivo | L11: Límite de overrides; revisión de facultades | M11: 1 | N11: 8 | O11: 9 | P11: 7 | Q11: 10 | R11: 9 | S11: 11 | T11: 10 | U11: 12 | V11: 11 | W11: 13 | X11: 12 | Y11: 12 | Z11: =IF(N11="","SIN DATO",IF($E11="mayor",IF(N11>$G11,"ROJO",IF(N11>$F11,"AMARILLO","VERDE")),IF($E11="menor",IF(N11<$G11,"ROJO",IF(N11<$F11,"AMARILLO","VERDE")),IF(ABS(N11)>$G11,"ROJO",IF(ABS(N11)>$F11,"AMARILLO","VERDE"))))) | AA11: =IF(O11="","SIN DATO",IF($E11="mayor",IF(O11>$G11,"ROJO",IF(O11>$F11,"AMARILLO","VERDE")),IF($E11="menor",IF(O11<$G11,"ROJO",IF(O11<$F11,"AMARILLO","VERDE")),IF(ABS(O11)>$G11,"ROJO",IF(ABS(O11)>$F11,"AMARILLO","VERDE"))))) | AB11: =IF(P11="","SIN DATO",IF($E11="mayor",IF(P11>$G11,"ROJO",IF(P11>$F11,"AMARILLO","VERDE")),IF($E11="menor",IF(P11<$G11,"ROJO",IF(P11<$F11,"AMARILLO","VERDE")),IF(ABS(P11)>$G11,"ROJO",IF(ABS(P11)>$F11,"AMARILLO","VERDE"))))) | AC11: =IF(Q11="","SIN DATO",IF($E11="mayor",IF(Q11>$G11,"ROJO",IF(Q11>$F11,"AMARILLO","VERDE")),IF($E11="menor",IF(Q11<$G11,"ROJO",IF(Q11<$F11,"AMARILLO","VERDE")),IF(ABS(Q11)>$G11,"ROJO",IF(ABS(Q11)>$F11,"AMARILLO","VERDE"))))) | AD11: =IF(R11="","SIN DATO",IF($E11="mayor",IF(R11>$G11,"ROJO",IF(R11>$F11,"AMARILLO","VERDE")),IF($E11="menor",IF(R11<$G11,"ROJO",IF(R11<$F11,"AMARILLO","VERDE")),IF(ABS(R11)>$G11,"ROJO",IF(ABS(R11)>$F11,"AMARILLO","VERDE"))))) | AE11: =IF(S11="","SIN DATO",IF($E11="mayor",IF(S11>$G11,"ROJO",IF(S11>$F11,"AMARILLO","VERDE")),IF($E11="menor",IF(S11<$G11,"ROJO",IF(S11<$F11,"AMARILLO","VERDE")),IF(ABS(S11)>$G11,"ROJO",IF(ABS(S11)>$F11,"AMARILLO","VERDE"))))) | AF11: =IF(T11="","SIN DATO",IF($E11="mayor",IF(T11>$G11,"ROJO",IF(T11>$F11,"AMARILLO","VERDE")),IF($E11="menor",IF(T11<$G11,"ROJO",IF(T11<$F11,"AMARILLO","VERDE")),IF(ABS(T11)>$G11,"ROJO",IF(ABS(T11)>$F11,"AMARILLO","VERDE"))))) | AG11: =IF(U11="","SIN DATO",IF($E11="mayor",IF(U11>$G11,"ROJO",IF(U11>$F11,"AMARILLO","VERDE")),IF($E11="menor",IF(U11<$G11,"ROJO",IF(U11<$F11,"AMARILLO","VERDE")),IF(ABS(U11)>$G11,"ROJO",IF(ABS(U11)>$F11,"AMARILLO","VERDE"))))) | ... AK11: =IF(Y11="","SIN DATO",IF($E11="mayor",IF(Y11>$G11,"ROJO",IF(Y11>$F11,"AMARILLO","VERDE")),IF($E11="menor",IF(Y11<$G11,"ROJO",IF(Y11<$F11,"AMARILLO","VERDE")),IF(ABS(Y11)>$G11,"ROJO",IF(ABS(Y11)>$F11,"AMARILLO","VERDE"))))) | AL11: =IF(INDEX(N11:Y11,1,$C$3)="","—",INDEX(N11:Y11,1,$C$3)) | AM11: =INDEX(Z11:AK11,1,$C$3) | AN11: =IF($C$3-M11<1,"SIN DATO",INDEX(Z11:AK11,1,$C$3-M11)) | AO11: =IF(AND(OR(AM11="AMARILLO",AM11="ROJO"),OR(AN11="AMARILLO",AN11="ROJO")),"SÍ","no") | AP11: =IF(AM11="ROJO","SÍ","no")
A12: A1 | B12: adelantado | C12: Mora 30+ a MOB3 vs esperada: p bilateral | D12: Poisson-binomial: z = (O−E)/√V con E del modelo satélite; p = 2·(1−Φ(|z|)); cosecha de hace 3 meses | E12: menor | F12: 0.05 | G12: 0.01 | H12: Mensual | I12: 3 | J12: Modelador | K12: Vigilancia reforzada; CUSUM de la serie | L12: Análisis por banda y cosecha; preparar recalibración | M12: 1 | N12: 0.61 | O12: 0.44 | P12: 0.72 | Q12: 0.35 | R12: 0.52 | S12: 0.28 | T12: 0.19 | U12: 0.33 | V12: 0.12 | W12: 0.08 | X12: 0.06 | Y12: 0.04 | Z12: =IF(N12="","SIN DATO",IF($E12="mayor",IF(N12>$G12,"ROJO",IF(N12>$F12,"AMARILLO","VERDE")),IF($E12="menor",IF(N12<$G12,"ROJO",IF(N12<$F12,"AMARILLO","VERDE")),IF(ABS(N12)>$G12,"ROJO",IF(ABS(N12)>$F12,"AMARILLO","VERDE"))))) | AA12: =IF(O12="","SIN DATO",IF($E12="mayor",IF(O12>$G12,"ROJO",IF(O12>$F12,"AMARILLO","VERDE")),IF($E12="menor",IF(O12<$G12,"ROJO",IF(O12<$F12,"AMARILLO","VERDE")),IF(ABS(O12)>$G12,"ROJO",IF(ABS(O12)>$F12,"AMARILLO","VERDE"))))) | AB12: =IF(P12="","SIN DATO",IF($E12="mayor",IF(P12>$G12,"ROJO",IF(P12>$F12,"AMARILLO","VERDE")),IF($E12="menor",IF(P12<$G12,"ROJO",IF(P12<$F12,"AMARILLO","VERDE")),IF(ABS(P12)>$G12,"ROJO",IF(ABS(P12)>$F12,"AMARILLO","VERDE"))))) | AC12: =IF(Q12="","SIN DATO",IF($E12="mayor",IF(Q12>$G12,"ROJO",IF(Q12>$F12,"AMARILLO","VERDE")),IF($E12="menor",IF(Q12<$G12,"ROJO",IF(Q12<$F12,"AMARILLO","VERDE")),IF(ABS(Q12)>$G12,"ROJO",IF(ABS(Q12)>$F12,"AMARILLO","VERDE"))))) | AD12: =IF(R12="","SIN DATO",IF($E12="mayor",IF(R12>$G12,"ROJO",IF(R12>$F12,"AMARILLO","VERDE")),IF($E12="menor",IF(R12<$G12,"ROJO",IF(R12<$F12,"AMARILLO","VERDE")),IF(ABS(R12)>$G12,"ROJO",IF(ABS(R12)>$F12,"AMARILLO","VERDE"))))) | AE12: =IF(S12="","SIN DATO",IF($E12="mayor",IF(S12>$G12,"ROJO",IF(S12>$F12,"AMARILLO","VERDE")),IF($E12="menor",IF(S12<$G12,"ROJO",IF(S12<$F12,"AMARILLO","VERDE")),IF(ABS(S12)>$G12,"ROJO",IF(ABS(S12)>$F12,"AMARILLO","VERDE"))))) | AF12: =IF(T12="","SIN DATO",IF($E12="mayor",IF(T12>$G12,"ROJO",IF(T12>$F12,"AMARILLO","VERDE")),IF($E12="menor",IF(T12<$G12,"ROJO",IF(T12<$F12,"AMARILLO","VERDE")),IF(ABS(T12)>$G12,"ROJO",IF(ABS(T12)>$F12,"AMARILLO","VERDE"))))) | AG12: =IF(U12="","SIN DATO",IF($E12="mayor",IF(U12>$G12,"ROJO",IF(U12>$F12,"AMARILLO","VERDE")),IF($E12="menor",IF(U12<$G12,"ROJO",IF(U12<$F12,"AMARILLO","VERDE")),IF(ABS(U12)>$G12,"ROJO",IF(ABS(U12)>$F12,"AMARILLO","VERDE"))))) | ... AK12: =IF(Y12="","SIN DATO",IF($E12="mayor",IF(Y12>$G12,"ROJO",IF(Y12>$F12,"AMARILLO","VERDE")),IF($E12="menor",IF(Y12<$G12,"ROJO",IF(Y12<$F12,"AMARILLO","VERDE")),IF(ABS(Y12)>$G12,"ROJO",IF(ABS(Y12)>$F12,"AMARILLO","VERDE"))))) | AL12: =IF(INDEX(N12:Y12,1,$C$3)="","—",INDEX(N12:Y12,1,$C$3)) | AM12: =INDEX(Z12:AK12,1,$C$3) | AN12: =IF($C$3-M12<1,"SIN DATO",INDEX(Z12:AK12,1,$C$3-M12)) | AO12: =IF(AND(OR(AM12="AMARILLO",AM12="ROJO"),OR(AN12="AMARILLO",AN12="ROJO")),"SÍ","no") | AP12: =IF(AM12="ROJO","SÍ","no")
A13: A2 | B13: adelantado | C13: Cosecha 90+ a MOB6 vs curva esperada: p | D13: Tasa 90+ acumulada a MOB6 de la cosecha de hace 6 meses contra 1−(1−PD)^F(6) | E13: menor | F13: 0.05 | G13: 0.01 | H13: Mensual | I13: 6 | J13: Modelador | K13: Vigilancia reforzada | L13: Análisis por cosecha; preparar recalibración | M13: 1 | N13: 0.7 | O13: 0.55 | P13: 0.48 | Q13: 0.66 | R13: 0.41 | S13: 0.37 | T13: 0.29 | U13: 0.31 | V13: 0.22 | W13: 0.18 | X13: 0.15 | Y13: 0.11 | Z13: =IF(N13="","SIN DATO",IF($E13="mayor",IF(N13>$G13,"ROJO",IF(N13>$F13,"AMARILLO","VERDE")),IF($E13="menor",IF(N13<$G13,"ROJO",IF(N13<$F13,"AMARILLO","VERDE")),IF(ABS(N13)>$G13,"ROJO",IF(ABS(N13)>$F13,"AMARILLO","VERDE"))))) | AA13: =IF(O13="","SIN DATO",IF($E13="mayor",IF(O13>$G13,"ROJO",IF(O13>$F13,"AMARILLO","VERDE")),IF($E13="menor",IF(O13<$G13,"ROJO",IF(O13<$F13,"AMARILLO","VERDE")),IF(ABS(O13)>$G13,"ROJO",IF(ABS(O13)>$F13,"AMARILLO","VERDE"))))) | AB13: =IF(P13="","SIN DATO",IF($E13="mayor",IF(P13>$G13,"ROJO",IF(P13>$F13,"AMARILLO","VERDE")),IF($E13="menor",IF(P13<$G13,"ROJO",IF(P13<$F13,"AMARILLO","VERDE")),IF(ABS(P13)>$G13,"ROJO",IF(ABS(P13)>$F13,"AMARILLO","VERDE"))))) | AC13: =IF(Q13="","SIN DATO",IF($E13="mayor",IF(Q13>$G13,"ROJO",IF(Q13>$F13,"AMARILLO","VERDE")),IF($E13="menor",IF(Q13<$G13,"ROJO",IF(Q13<$F13,"AMARILLO","VERDE")),IF(ABS(Q13)>$G13,"ROJO",IF(ABS(Q13)>$F13,"AMARILLO","VERDE"))))) | AD13: =IF(R13="","SIN DATO",IF($E13="mayor",IF(R13>$G13,"ROJO",IF(R13>$F13,"AMARILLO","VERDE")),IF($E13="menor",IF(R13<$G13,"ROJO",IF(R13<$F13,"AMARILLO","VERDE")),IF(ABS(R13)>$G13,"ROJO",IF(ABS(R13)>$F13,"AMARILLO","VERDE"))))) | AE13: =IF(S13="","SIN DATO",IF($E13="mayor",IF(S13>$G13,"ROJO",IF(S13>$F13,"AMARILLO","VERDE")),IF($E13="menor",IF(S13<$G13,"ROJO",IF(S13<$F13,"AMARILLO","VERDE")),IF(ABS(S13)>$G13,"ROJO",IF(ABS(S13)>$F13,"AMARILLO","VERDE"))))) | AF13: =IF(T13="","SIN DATO",IF($E13="mayor",IF(T13>$G13,"ROJO",IF(T13>$F13,"AMARILLO","VERDE")),IF($E13="menor",IF(T13<$G13,"ROJO",IF(T13<$F13,"AMARILLO","VERDE")),IF(ABS(T13)>$G13,"ROJO",IF(ABS(T13)>$F13,"AMARILLO","VERDE"))))) | AG13: =IF(U13="","SIN DATO",IF($E13="mayor",IF(U13>$G13,"ROJO",IF(U13>$F13,"AMARILLO","VERDE")),IF($E13="menor",IF(U13<$G13,"ROJO",IF(U13<$F13,"AMARILLO","VERDE")),IF(ABS(U13)>$G13,"ROJO",IF(ABS(U13)>$F13,"AMARILLO","VERDE"))))) | ... AK13: =IF(Y13="","SIN DATO",IF($E13="mayor",IF(Y13>$G13,"ROJO",IF(Y13>$F13,"AMARILLO","VERDE")),IF($E13="menor",IF(Y13<$G13,"ROJO",IF(Y13<$F13,"AMARILLO","VERDE")),IF(ABS(Y13)>$G13,"ROJO",IF(ABS(Y13)>$F13,"AMARILLO","VERDE"))))) | AL13: =IF(INDEX(N13:Y13,1,$C$3)="","—",INDEX(N13:Y13,1,$C$3)) | AM13: =INDEX(Z13:AK13,1,$C$3) | AN13: =IF($C$3-M13<1,"SIN DATO",INDEX(Z13:AK13,1,$C$3-M13)) | AO13: =IF(AND(OR(AM13="AMARILLO",AM13="ROJO"),OR(AN13="AMARILLO",AN13="ROJO")),"SÍ","no") | AP13: =IF(AM13="ROJO","SÍ","no")
A14: O1 | B14: orden | C14: Gini OOT: caída relativa vs DEV (%) | D14: 1 − Gini_hoy / Gini_DEV (misma población: aprobados) | E14: mayor | F14: 20 | G14: 30 | H14: Trimestral | I14: 12 | J14: Modelador | K14: Bootstrap del Gini; revisar por segmento | L14: Gatillo de re-desarrollo (descartados datos y política) | M14: 3 | P14: 8.9 | S14: 9.6 | V14: 10.1 | Y14: 10.8 | Z14: =IF(N14="","SIN DATO",IF($E14="mayor",IF(N14>$G14,"ROJO",IF(N14>$F14,"AMARILLO","VERDE")),IF($E14="menor",IF(N14<$G14,"ROJO",IF(N14<$F14,"AMARILLO","VERDE")),IF(ABS(N14)>$G14,"ROJO",IF(ABS(N14)>$F14,"AMARILLO","VERDE"))))) | AA14: =IF(O14="","SIN DATO",IF($E14="mayor",IF(O14>$G14,"ROJO",IF(O14>$F14,"AMARILLO","VERDE")),IF($E14="menor",IF(O14<$G14,"ROJO",IF(O14<$F14,"AMARILLO","VERDE")),IF(ABS(O14)>$G14,"ROJO",IF(ABS(O14)>$F14,"AMARILLO","VERDE"))))) | AB14: =IF(P14="","SIN DATO",IF($E14="mayor",IF(P14>$G14,"ROJO",IF(P14>$F14,"AMARILLO","VERDE")),IF($E14="menor",IF(P14<$G14,"ROJO",IF(P14<$F14,"AMARILLO","VERDE")),IF(ABS(P14)>$G14,"ROJO",IF(ABS(P14)>$F14,"AMARILLO","VERDE"))))) | AC14: =IF(Q14="","SIN DATO",IF($E14="mayor",IF(Q14>$G14,"ROJO",IF(Q14>$F14,"AMARILLO","VERDE")),IF($E14="menor",IF(Q14<$G14,"ROJO",IF(Q14<$F14,"AMARILLO","VERDE")),IF(ABS(Q14)>$G14,"ROJO",IF(ABS(Q14)>$F14,"AMARILLO","VERDE"))))) | AD14: =IF(R14="","SIN DATO",IF($E14="mayor",IF(R14>$G14,"ROJO",IF(R14>$F14,"AMARILLO","VERDE")),IF($E14="menor",IF(R14<$G14,"ROJO",IF(R14<$F14,"AMARILLO","VERDE")),IF(ABS(R14)>$G14,"ROJO",IF(ABS(R14)>$F14,"AMARILLO","VERDE"))))) | AE14: =IF(S14="","SIN DATO",IF($E14="mayor",IF(S14>$G14,"ROJO",IF(S14>$F14,"AMARILLO","VERDE")),IF($E14="menor",IF(S14<$G14,"ROJO",IF(S14<$F14,"AMARILLO","VERDE")),IF(ABS(S14)>$G14,"ROJO",IF(ABS(S14)>$F14,"AMARILLO","VERDE"))))) | AF14: =IF(T14="","SIN DATO",IF($E14="mayor",IF(T14>$G14,"ROJO",IF(T14>$F14,"AMARILLO","VERDE")),IF($E14="menor",IF(T14<$G14,"ROJO",IF(T14<$F14,"AMARILLO","VERDE")),IF(ABS(T14)>$G14,"ROJO",IF(ABS(T14)>$F14,"AMARILLO","VERDE"))))) | AG14: =IF(U14="","SIN DATO",IF($E14="mayor",IF(U14>$G14,"ROJO",IF(U14>$F14,"AMARILLO","VERDE")),IF($E14="menor",IF(U14<$G14,"ROJO",IF(U14<$F14,"AMARILLO","VERDE")),IF(ABS(U14)>$G14,"ROJO",IF(ABS(U14)>$F14,"AMARILLO","VERDE"))))) | ... AK14: =IF(Y14="","SIN DATO",IF($E14="mayor",IF(Y14>$G14,"ROJO",IF(Y14>$F14,"AMARILLO","VERDE")),IF($E14="menor",IF(Y14<$G14,"ROJO",IF(Y14<$F14,"AMARILLO","VERDE")),IF(ABS(Y14)>$G14,"ROJO",IF(ABS(Y14)>$F14,"AMARILLO","VERDE"))))) | AL14: =IF(INDEX(N14:Y14,1,$C$3)="","—",INDEX(N14:Y14,1,$C$3)) | AM14: =INDEX(Z14:AK14,1,$C$3) | AN14: =IF($C$3-M14<1,"SIN DATO",INDEX(Z14:AK14,1,$C$3-M14)) | AO14: =IF(AND(OR(AM14="AMARILLO",AM14="ROJO"),OR(AN14="AMARILLO",AN14="ROJO")),"SÍ","no") | AP14: =IF(AM14="ROJO","SÍ","no")
A15: O2 | B15: orden | C15: KS OOT | D15: Máxima distancia entre las acumuladas de buenos y malos | E15: menor | F15: 0.3 | G15: 0.2 | H15: Trimestral | I15: 12 | J15: Modelador | K15: Revisar junto con Gini | L15: Gatillo de re-desarrollo | M15: 3 | P15: 0.561 | S15: 0.556 | V15: 0.549 | Y15: 0.545 | Z15: =IF(N15="","SIN DATO",IF($E15="mayor",IF(N15>$G15,"ROJO",IF(N15>$F15,"AMARILLO","VERDE")),IF($E15="menor",IF(N15<$G15,"ROJO",IF(N15<$F15,"AMARILLO","VERDE")),IF(ABS(N15)>$G15,"ROJO",IF(ABS(N15)>$F15,"AMARILLO","VERDE"))))) | AA15: =IF(O15="","SIN DATO",IF($E15="mayor",IF(O15>$G15,"ROJO",IF(O15>$F15,"AMARILLO","VERDE")),IF($E15="menor",IF(O15<$G15,"ROJO",IF(O15<$F15,"AMARILLO","VERDE")),IF(ABS(O15)>$G15,"ROJO",IF(ABS(O15)>$F15,"AMARILLO","VERDE"))))) | AB15: =IF(P15="","SIN DATO",IF($E15="mayor",IF(P15>$G15,"ROJO",IF(P15>$F15,"AMARILLO","VERDE")),IF($E15="menor",IF(P15<$G15,"ROJO",IF(P15<$F15,"AMARILLO","VERDE")),IF(ABS(P15)>$G15,"ROJO",IF(ABS(P15)>$F15,"AMARILLO","VERDE"))))) | AC15: =IF(Q15="","SIN DATO",IF($E15="mayor",IF(Q15>$G15,"ROJO",IF(Q15>$F15,"AMARILLO","VERDE")),IF($E15="menor",IF(Q15<$G15,"ROJO",IF(Q15<$F15,"AMARILLO","VERDE")),IF(ABS(Q15)>$G15,"ROJO",IF(ABS(Q15)>$F15,"AMARILLO","VERDE"))))) | AD15: =IF(R15="","SIN DATO",IF($E15="mayor",IF(R15>$G15,"ROJO",IF(R15>$F15,"AMARILLO","VERDE")),IF($E15="menor",IF(R15<$G15,"ROJO",IF(R15<$F15,"AMARILLO","VERDE")),IF(ABS(R15)>$G15,"ROJO",IF(ABS(R15)>$F15,"AMARILLO","VERDE"))))) | AE15: =IF(S15="","SIN DATO",IF($E15="mayor",IF(S15>$G15,"ROJO",IF(S15>$F15,"AMARILLO","VERDE")),IF($E15="menor",IF(S15<$G15,"ROJO",IF(S15<$F15,"AMARILLO","VERDE")),IF(ABS(S15)>$G15,"ROJO",IF(ABS(S15)>$F15,"AMARILLO","VERDE"))))) | AF15: =IF(T15="","SIN DATO",IF($E15="mayor",IF(T15>$G15,"ROJO",IF(T15>$F15,"AMARILLO","VERDE")),IF($E15="menor",IF(T15<$G15,"ROJO",IF(T15<$F15,"AMARILLO","VERDE")),IF(ABS(T15)>$G15,"ROJO",IF(ABS(T15)>$F15,"AMARILLO","VERDE"))))) | AG15: =IF(U15="","SIN DATO",IF($E15="mayor",IF(U15>$G15,"ROJO",IF(U15>$F15,"AMARILLO","VERDE")),IF($E15="menor",IF(U15<$G15,"ROJO",IF(U15<$F15,"AMARILLO","VERDE")),IF(ABS(U15)>$G15,"ROJO",IF(ABS(U15)>$F15,"AMARILLO","VERDE"))))) | ... AK15: =IF(Y15="","SIN DATO",IF($E15="mayor",IF(Y15>$G15,"ROJO",IF(Y15>$F15,"AMARILLO","VERDE")),IF($E15="menor",IF(Y15<$G15,"ROJO",IF(Y15<$F15,"AMARILLO","VERDE")),IF(ABS(Y15)>$G15,"ROJO",IF(ABS(Y15)>$F15,"AMARILLO","VERDE"))))) | AL15: =IF(INDEX(N15:Y15,1,$C$3)="","—",INDEX(N15:Y15,1,$C$3)) | AM15: =INDEX(Z15:AK15,1,$C$3) | AN15: =IF($C$3-M15<1,"SIN DATO",INDEX(Z15:AK15,1,$C$3-M15)) | AO15: =IF(AND(OR(AM15="AMARILLO",AM15="ROJO"),OR(AN15="AMARILLO",AN15="ROJO")),"SÍ","no") | AP15: =IF(AM15="ROJO","SÍ","no")
A16: L1 | B16: nivel | C16: Binomial global OOT: p | D16: Test binomial de la tasa observada contra la PD media calibrada | E16: menor | F16: 0.05 | G16: 0.01 | H16: Trimestral | I16: 12 | J16: Modelador | K16: Vigilancia reforzada | L16: Gatillo de recalibración del δ | M16: 3 | P16: 0.71 | S16: 0.66 | V16: 0.61 | Y16: 0.56 | Z16: =IF(N16="","SIN DATO",IF($E16="mayor",IF(N16>$G16,"ROJO",IF(N16>$F16,"AMARILLO","VERDE")),IF($E16="menor",IF(N16<$G16,"ROJO",IF(N16<$F16,"AMARILLO","VERDE")),IF(ABS(N16)>$G16,"ROJO",IF(ABS(N16)>$F16,"AMARILLO","VERDE"))))) | AA16: =IF(O16="","SIN DATO",IF($E16="mayor",IF(O16>$G16,"ROJO",IF(O16>$F16,"AMARILLO","VERDE")),IF($E16="menor",IF(O16<$G16,"ROJO",IF(O16<$F16,"AMARILLO","VERDE")),IF(ABS(O16)>$G16,"ROJO",IF(ABS(O16)>$F16,"AMARILLO","VERDE"))))) | AB16: =IF(P16="","SIN DATO",IF($E16="mayor",IF(P16>$G16,"ROJO",IF(P16>$F16,"AMARILLO","VERDE")),IF($E16="menor",IF(P16<$G16,"ROJO",IF(P16<$F16,"AMARILLO","VERDE")),IF(ABS(P16)>$G16,"ROJO",IF(ABS(P16)>$F16,"AMARILLO","VERDE"))))) | AC16: =IF(Q16="","SIN DATO",IF($E16="mayor",IF(Q16>$G16,"ROJO",IF(Q16>$F16,"AMARILLO","VERDE")),IF($E16="menor",IF(Q16<$G16,"ROJO",IF(Q16<$F16,"AMARILLO","VERDE")),IF(ABS(Q16)>$G16,"ROJO",IF(ABS(Q16)>$F16,"AMARILLO","VERDE"))))) | AD16: =IF(R16="","SIN DATO",IF($E16="mayor",IF(R16>$G16,"ROJO",IF(R16>$F16,"AMARILLO","VERDE")),IF($E16="menor",IF(R16<$G16,"ROJO",IF(R16<$F16,"AMARILLO","VERDE")),IF(ABS(R16)>$G16,"ROJO",IF(ABS(R16)>$F16,"AMARILLO","VERDE"))))) | AE16: =IF(S16="","SIN DATO",IF($E16="mayor",IF(S16>$G16,"ROJO",IF(S16>$F16,"AMARILLO","VERDE")),IF($E16="menor",IF(S16<$G16,"ROJO",IF(S16<$F16,"AMARILLO","VERDE")),IF(ABS(S16)>$G16,"ROJO",IF(ABS(S16)>$F16,"AMARILLO","VERDE"))))) | AF16: =IF(T16="","SIN DATO",IF($E16="mayor",IF(T16>$G16,"ROJO",IF(T16>$F16,"AMARILLO","VERDE")),IF($E16="menor",IF(T16<$G16,"ROJO",IF(T16<$F16,"AMARILLO","VERDE")),IF(ABS(T16)>$G16,"ROJO",IF(ABS(T16)>$F16,"AMARILLO","VERDE"))))) | AG16: =IF(U16="","SIN DATO",IF($E16="mayor",IF(U16>$G16,"ROJO",IF(U16>$F16,"AMARILLO","VERDE")),IF($E16="menor",IF(U16<$G16,"ROJO",IF(U16<$F16,"AMARILLO","VERDE")),IF(ABS(U16)>$G16,"ROJO",IF(ABS(U16)>$F16,"AMARILLO","VERDE"))))) | ... AK16: =IF(Y16="","SIN DATO",IF($E16="mayor",IF(Y16>$G16,"ROJO",IF(Y16>$F16,"AMARILLO","VERDE")),IF($E16="menor",IF(Y16<$G16,"ROJO",IF(Y16<$F16,"AMARILLO","VERDE")),IF(ABS(Y16)>$G16,"ROJO",IF(ABS(Y16)>$F16,"AMARILLO","VERDE"))))) | AL16: =IF(INDEX(N16:Y16,1,$C$3)="","—",INDEX(N16:Y16,1,$C$3)) | AM16: =INDEX(Z16:AK16,1,$C$3) | AN16: =IF($C$3-M16<1,"SIN DATO",INDEX(Z16:AK16,1,$C$3-M16)) | AO16: =IF(AND(OR(AM16="AMARILLO",AM16="ROJO"),OR(AN16="AMARILLO",AN16="ROJO")),"SÍ","no") | AP16: =IF(AM16="ROJO","SÍ","no")
A17: L2 | B17: nivel | C17: Bandas con binomial fuera: p mínimo de 8 | D17: Mínimo de los p binomiales por banda (equivale a «alguna banda amarilla/roja») | E17: menor | F17: 0.05 | G17: 0.01 | H17: Trimestral | I17: 12 | J17: Modelador | K17: Leer patrón (¿bandas buenas subestiman?) | L17: Análisis por banda; recalibración si es patrón | M17: 3 | P17: 0.21 | S17: 0.09 | V17: 0.05 | Y17: 0.02 | Z17: =IF(N17="","SIN DATO",IF($E17="mayor",IF(N17>$G17,"ROJO",IF(N17>$F17,"AMARILLO","VERDE")),IF($E17="menor",IF(N17<$G17,"ROJO",IF(N17<$F17,"AMARILLO","VERDE")),IF(ABS(N17)>$G17,"ROJO",IF(ABS(N17)>$F17,"AMARILLO","VERDE"))))) | AA17: =IF(O17="","SIN DATO",IF($E17="mayor",IF(O17>$G17,"ROJO",IF(O17>$F17,"AMARILLO","VERDE")),IF($E17="menor",IF(O17<$G17,"ROJO",IF(O17<$F17,"AMARILLO","VERDE")),IF(ABS(O17)>$G17,"ROJO",IF(ABS(O17)>$F17,"AMARILLO","VERDE"))))) | AB17: =IF(P17="","SIN DATO",IF($E17="mayor",IF(P17>$G17,"ROJO",IF(P17>$F17,"AMARILLO","VERDE")),IF($E17="menor",IF(P17<$G17,"ROJO",IF(P17<$F17,"AMARILLO","VERDE")),IF(ABS(P17)>$G17,"ROJO",IF(ABS(P17)>$F17,"AMARILLO","VERDE"))))) | AC17: =IF(Q17="","SIN DATO",IF($E17="mayor",IF(Q17>$G17,"ROJO",IF(Q17>$F17,"AMARILLO","VERDE")),IF($E17="menor",IF(Q17<$G17,"ROJO",IF(Q17<$F17,"AMARILLO","VERDE")),IF(ABS(Q17)>$G17,"ROJO",IF(ABS(Q17)>$F17,"AMARILLO","VERDE"))))) | AD17: =IF(R17="","SIN DATO",IF($E17="mayor",IF(R17>$G17,"ROJO",IF(R17>$F17,"AMARILLO","VERDE")),IF($E17="menor",IF(R17<$G17,"ROJO",IF(R17<$F17,"AMARILLO","VERDE")),IF(ABS(R17)>$G17,"ROJO",IF(ABS(R17)>$F17,"AMARILLO","VERDE"))))) | AE17: =IF(S17="","SIN DATO",IF($E17="mayor",IF(S17>$G17,"ROJO",IF(S17>$F17,"AMARILLO","VERDE")),IF($E17="menor",IF(S17<$G17,"ROJO",IF(S17<$F17,"AMARILLO","VERDE")),IF(ABS(S17)>$G17,"ROJO",IF(ABS(S17)>$F17,"AMARILLO","VERDE"))))) | AF17: =IF(T17="","SIN DATO",IF($E17="mayor",IF(T17>$G17,"ROJO",IF(T17>$F17,"AMARILLO","VERDE")),IF($E17="menor",IF(T17<$G17,"ROJO",IF(T17<$F17,"AMARILLO","VERDE")),IF(ABS(T17)>$G17,"ROJO",IF(ABS(T17)>$F17,"AMARILLO","VERDE"))))) | AG17: =IF(U17="","SIN DATO",IF($E17="mayor",IF(U17>$G17,"ROJO",IF(U17>$F17,"AMARILLO","VERDE")),IF($E17="menor",IF(U17<$G17,"ROJO",IF(U17<$F17,"AMARILLO","VERDE")),IF(ABS(U17)>$G17,"ROJO",IF(ABS(U17)>$F17,"AMARILLO","VERDE"))))) | ... AK17: =IF(Y17="","SIN DATO",IF($E17="mayor",IF(Y17>$G17,"ROJO",IF(Y17>$F17,"AMARILLO","VERDE")),IF($E17="menor",IF(Y17<$G17,"ROJO",IF(Y17<$F17,"AMARILLO","VERDE")),IF(ABS(Y17)>$G17,"ROJO",IF(ABS(Y17)>$F17,"AMARILLO","VERDE"))))) | AL17: =IF(INDEX(N17:Y17,1,$C$3)="","—",INDEX(N17:Y17,1,$C$3)) | AM17: =INDEX(Z17:AK17,1,$C$3) | AN17: =IF($C$3-M17<1,"SIN DATO",INDEX(Z17:AK17,1,$C$3-M17)) | AO17: =IF(AND(OR(AM17="AMARILLO",AM17="ROJO"),OR(AN17="AMARILLO",AN17="ROJO")),"SÍ","no") | AP17: =IF(AM17="ROJO","SÍ","no")
A18: L3 | B18: nivel | C18: Hosmer-Lemeshow OOT: p simulado | D18: HL con 10 grupos; p por simulación bajo H0 (no la χ² si hay esperados < 5) | E18: menor | F18: 0.05 | G18: 0.01 | H18: Trimestral | I18: 12 | J18: Modelador | K18: Autopsia por grupo | L18: Gatillo de recalibración / forma | M18: 3 | P18: 0.34 | S18: 0.12 | V18: 0.06 | Y18: 0.012 | Z18: =IF(N18="","SIN DATO",IF($E18="mayor",IF(N18>$G18,"ROJO",IF(N18>$F18,"AMARILLO","VERDE")),IF($E18="menor",IF(N18<$G18,"ROJO",IF(N18<$F18,"AMARILLO","VERDE")),IF(ABS(N18)>$G18,"ROJO",IF(ABS(N18)>$F18,"AMARILLO","VERDE"))))) | AA18: =IF(O18="","SIN DATO",IF($E18="mayor",IF(O18>$G18,"ROJO",IF(O18>$F18,"AMARILLO","VERDE")),IF($E18="menor",IF(O18<$G18,"ROJO",IF(O18<$F18,"AMARILLO","VERDE")),IF(ABS(O18)>$G18,"ROJO",IF(ABS(O18)>$F18,"AMARILLO","VERDE"))))) | AB18: =IF(P18="","SIN DATO",IF($E18="mayor",IF(P18>$G18,"ROJO",IF(P18>$F18,"AMARILLO","VERDE")),IF($E18="menor",IF(P18<$G18,"ROJO",IF(P18<$F18,"AMARILLO","VERDE")),IF(ABS(P18)>$G18,"ROJO",IF(ABS(P18)>$F18,"AMARILLO","VERDE"))))) | AC18: =IF(Q18="","SIN DATO",IF($E18="mayor",IF(Q18>$G18,"ROJO",IF(Q18>$F18,"AMARILLO","VERDE")),IF($E18="menor",IF(Q18<$G18,"ROJO",IF(Q18<$F18,"AMARILLO","VERDE")),IF(ABS(Q18)>$G18,"ROJO",IF(ABS(Q18)>$F18,"AMARILLO","VERDE"))))) | AD18: =IF(R18="","SIN DATO",IF($E18="mayor",IF(R18>$G18,"ROJO",IF(R18>$F18,"AMARILLO","VERDE")),IF($E18="menor",IF(R18<$G18,"ROJO",IF(R18<$F18,"AMARILLO","VERDE")),IF(ABS(R18)>$G18,"ROJO",IF(ABS(R18)>$F18,"AMARILLO","VERDE"))))) | AE18: =IF(S18="","SIN DATO",IF($E18="mayor",IF(S18>$G18,"ROJO",IF(S18>$F18,"AMARILLO","VERDE")),IF($E18="menor",IF(S18<$G18,"ROJO",IF(S18<$F18,"AMARILLO","VERDE")),IF(ABS(S18)>$G18,"ROJO",IF(ABS(S18)>$F18,"AMARILLO","VERDE"))))) | AF18: =IF(T18="","SIN DATO",IF($E18="mayor",IF(T18>$G18,"ROJO",IF(T18>$F18,"AMARILLO","VERDE")),IF($E18="menor",IF(T18<$G18,"ROJO",IF(T18<$F18,"AMARILLO","VERDE")),IF(ABS(T18)>$G18,"ROJO",IF(ABS(T18)>$F18,"AMARILLO","VERDE"))))) | AG18: =IF(U18="","SIN DATO",IF($E18="mayor",IF(U18>$G18,"ROJO",IF(U18>$F18,"AMARILLO","VERDE")),IF($E18="menor",IF(U18<$G18,"ROJO",IF(U18<$F18,"AMARILLO","VERDE")),IF(ABS(U18)>$G18,"ROJO",IF(ABS(U18)>$F18,"AMARILLO","VERDE"))))) | ... AK18: =IF(Y18="","SIN DATO",IF($E18="mayor",IF(Y18>$G18,"ROJO",IF(Y18>$F18,"AMARILLO","VERDE")),IF($E18="menor",IF(Y18<$G18,"ROJO",IF(Y18<$F18,"AMARILLO","VERDE")),IF(ABS(Y18)>$G18,"ROJO",IF(ABS(Y18)>$F18,"AMARILLO","VERDE"))))) | AL18: =IF(INDEX(N18:Y18,1,$C$3)="","—",INDEX(N18:Y18,1,$C$3)) | AM18: =INDEX(Z18:AK18,1,$C$3) | AN18: =IF($C$3-M18<1,"SIN DATO",INDEX(Z18:AK18,1,$C$3-M18)) | AO18: =IF(AND(OR(AM18="AMARILLO",AM18="ROJO"),OR(AN18="AMARILLO",AN18="ROJO")),"SÍ","no") | AP18: =IF(AM18="ROJO","SÍ","no")
A19: C1 | B19: cohortes | C19: Cohorte swap-in: p (mora vs PD) | D19: Binomial de la cohorte que el modelo aprueba y la política anterior rechazaba | E19: menor | F19: 0.05 | G19: 0.01 | H19: Trimestral | I19: 12 | J19: Modelador | K19: Vigilancia de la cohorte; no ampliar el swap | L19: Revertir ampliación del swap-in; revisar reject inference | M19: 3 | Y19: 0.04 | Z19: =IF(N19="","SIN DATO",IF($E19="mayor",IF(N19>$G19,"ROJO",IF(N19>$F19,"AMARILLO","VERDE")),IF($E19="menor",IF(N19<$G19,"ROJO",IF(N19<$F19,"AMARILLO","VERDE")),IF(ABS(N19)>$G19,"ROJO",IF(ABS(N19)>$F19,"AMARILLO","VERDE"))))) | AA19: =IF(O19="","SIN DATO",IF($E19="mayor",IF(O19>$G19,"ROJO",IF(O19>$F19,"AMARILLO","VERDE")),IF($E19="menor",IF(O19<$G19,"ROJO",IF(O19<$F19,"AMARILLO","VERDE")),IF(ABS(O19)>$G19,"ROJO",IF(ABS(O19)>$F19,"AMARILLO","VERDE"))))) | AB19: =IF(P19="","SIN DATO",IF($E19="mayor",IF(P19>$G19,"ROJO",IF(P19>$F19,"AMARILLO","VERDE")),IF($E19="menor",IF(P19<$G19,"ROJO",IF(P19<$F19,"AMARILLO","VERDE")),IF(ABS(P19)>$G19,"ROJO",IF(ABS(P19)>$F19,"AMARILLO","VERDE"))))) | AC19: =IF(Q19="","SIN DATO",IF($E19="mayor",IF(Q19>$G19,"ROJO",IF(Q19>$F19,"AMARILLO","VERDE")),IF($E19="menor",IF(Q19<$G19,"ROJO",IF(Q19<$F19,"AMARILLO","VERDE")),IF(ABS(Q19)>$G19,"ROJO",IF(ABS(Q19)>$F19,"AMARILLO","VERDE"))))) | AD19: =IF(R19="","SIN DATO",IF($E19="mayor",IF(R19>$G19,"ROJO",IF(R19>$F19,"AMARILLO","VERDE")),IF($E19="menor",IF(R19<$G19,"ROJO",IF(R19<$F19,"AMARILLO","VERDE")),IF(ABS(R19)>$G19,"ROJO",IF(ABS(R19)>$F19,"AMARILLO","VERDE"))))) | AE19: =IF(S19="","SIN DATO",IF($E19="mayor",IF(S19>$G19,"ROJO",IF(S19>$F19,"AMARILLO","VERDE")),IF($E19="menor",IF(S19<$G19,"ROJO",IF(S19<$F19,"AMARILLO","VERDE")),IF(ABS(S19)>$G19,"ROJO",IF(ABS(S19)>$F19,"AMARILLO","VERDE"))))) | AF19: =IF(T19="","SIN DATO",IF($E19="mayor",IF(T19>$G19,"ROJO",IF(T19>$F19,"AMARILLO","VERDE")),IF($E19="menor",IF(T19<$G19,"ROJO",IF(T19<$F19,"AMARILLO","VERDE")),IF(ABS(T19)>$G19,"ROJO",IF(ABS(T19)>$F19,"AMARILLO","VERDE"))))) | AG19: =IF(U19="","SIN DATO",IF($E19="mayor",IF(U19>$G19,"ROJO",IF(U19>$F19,"AMARILLO","VERDE")),IF($E19="menor",IF(U19<$G19,"ROJO",IF(U19<$F19,"AMARILLO","VERDE")),IF(ABS(U19)>$G19,"ROJO",IF(ABS(U19)>$F19,"AMARILLO","VERDE"))))) | ... AK19: =IF(Y19="","SIN DATO",IF($E19="mayor",IF(Y19>$G19,"ROJO",IF(Y19>$F19,"AMARILLO","VERDE")),IF($E19="menor",IF(Y19<$G19,"ROJO",IF(Y19<$F19,"AMARILLO","VERDE")),IF(ABS(Y19)>$G19,"ROJO",IF(ABS(Y19)>$F19,"AMARILLO","VERDE"))))) | AL19: =IF(INDEX(N19:Y19,1,$C$3)="","—",INDEX(N19:Y19,1,$C$3)) | AM19: =INDEX(Z19:AK19,1,$C$3) | AN19: =IF($C$3-M19<1,"SIN DATO",INDEX(Z19:AK19,1,$C$3-M19)) | AO19: =IF(AND(OR(AM19="AMARILLO",AM19="ROJO"),OR(AN19="AMARILLO",AN19="ROJO")),"SÍ","no") | AP19: =IF(AM19="ROJO","SÍ","no")
Y21: # AMARILLO | Z21: =COUNTIF(Z6:Z19,"AMARILLO") | AA21: =COUNTIF(AA6:AA19,"AMARILLO") | AB21: =COUNTIF(AB6:AB19,"AMARILLO") | AC21: =COUNTIF(AC6:AC19,"AMARILLO") | AD21: =COUNTIF(AD6:AD19,"AMARILLO") | AE21: =COUNTIF(AE6:AE19,"AMARILLO") | AF21: =COUNTIF(AF6:AF19,"AMARILLO") | AG21: =COUNTIF(AG6:AG19,"AMARILLO") | ... AK21: =COUNTIF(AK6:AK19,"AMARILLO")
Y22: # ROJO | Z22: =COUNTIF(Z6:Z19,"ROJO") | AA22: =COUNTIF(AA6:AA19,"ROJO") | AB22: =COUNTIF(AB6:AB19,"ROJO") | AC22: =COUNTIF(AC6:AC19,"ROJO") | AD22: =COUNTIF(AD6:AD19,"ROJO") | AE22: =COUNTIF(AE6:AE19,"ROJO") | AF22: =COUNTIF(AF6:AF19,"ROJO") | AG22: =COUNTIF(AG6:AG19,"ROJO") | ... AK22: =COUNTIF(AK6:AK19,"ROJO")
Y23: # con dato | Z23: =14-COUNTIF(Z6:Z19,"SIN DATO") | AA23: =14-COUNTIF(AA6:AA19,"SIN DATO") | AB23: =14-COUNTIF(AB6:AB19,"SIN DATO") | AC23: =14-COUNTIF(AC6:AC19,"SIN DATO") | AD23: =14-COUNTIF(AD6:AD19,"SIN DATO") | AE23: =14-COUNTIF(AE6:AE19,"SIN DATO") | AF23: =14-COUNTIF(AF6:AF19,"SIN DATO") | AG23: =14-COUNTIF(AG6:AG19,"SIN DATO") | ... AK23: =14-COUNTIF(AK6:AK19,"SIN DATO")
Y24: P(≥1 🟡 por azar) = 1−(1−α)^m | Z24: =1-(1-$G$3)^Z23 | AA24: =1-(1-$G$3)^AA23 | AB24: =1-(1-$G$3)^AB23 | AC24: =1-(1-$G$3)^AC23 | AD24: =1-(1-$G$3)^AD23 | AE24: =1-(1-$G$3)^AE23 | AF24: =1-(1-$G$3)^AF23 | AG24: =1-(1-$G$3)^AG23 | ... AK24: =1-(1-$G$3)^AK23
A26: Nota: la fila de probabilidad trata cada indicador con dato como un test al nivel α. Para los de convención (PSI, CSI, mix) el α real depende del tamaño muestral (ver M08) y R4 vale por 8 tests (su α real es 1−0,95^8 = 34%).

Sheet Diagnostico
A1: Diagnóstico por patrón en el mes de corte (árbol: datos → orden → nivel → población → negocio)
A2: Un indicador cuenta si está 🟡/🔴 en el mes de corte Y en su medición anterior (persistente: mes anterior si es mensual, trimestre anterior si es trimestral), o si está ROJO al corte.
A4: familia | B4: indicadores | C4: # persistentes | D4: # rojos al corte | E4: mínimo para encender | F4: cuenta (máx. de ambas) | G4: ¿encendida? | H4: # 🟡/🔴 al corte (sin exigir persistencia) | I4: ¿señal incipiente?
A5: datos | B5: D1 | C5: =COUNTIFS(Tablero!$B$6:$B$19,"datos",Tablero!$AO$6:$AO$19,"SÍ") | D5: =COUNTIFS(Tablero!$B$6:$B$19,"datos",Tablero!$AP$6:$AP$19,"SÍ") | E5: 1 | F5: =MAX(C5,D5) | G5: =IF(F5>=E5,"SÍ","NO") | H5: =COUNTIFS(Tablero!$B$6:$B$19,"datos",Tablero!$AM$6:$AM$19,"AMARILLO")+COUNTIFS(Tablero!$B$6:$B$19,"datos",Tablero!$AM$6:$AM$19,"ROJO") | I5: =IF(AND(G5="NO",H5>=MAX(2,E5)),"SÍ: vigilar","no")
A6: orden | B6: O1, O2 | C6: =COUNTIFS(Tablero!$B$6:$B$19,"orden",Tablero!$AO$6:$AO$19,"SÍ") | D6: =COUNTIFS(Tablero!$B$6:$B$19,"orden",Tablero!$AP$6:$AP$19,"SÍ") | E6: 1 | F6: =MAX(C6,D6) | G6: =IF(F6>=E6,"SÍ","NO") | H6: =COUNTIFS(Tablero!$B$6:$B$19,"orden",Tablero!$AM$6:$AM$19,"AMARILLO")+COUNTIFS(Tablero!$B$6:$B$19,"orden",Tablero!$AM$6:$AM$19,"ROJO") | I6: =IF(AND(G6="NO",H6>=MAX(2,E6)),"SÍ: vigilar","no")
A7: nivel | B7: A1, A2, L1, L2, L3, C1 | C7: =COUNTIFS(Tablero!$B$6:$B$19,"nivel",Tablero!$AO$6:$AO$19,"SÍ")+COUNTIFS(Tablero!$B$6:$B$19,"adelantado",Tablero!$AO$6:$AO$19,"SÍ")+COUNTIFS(Tablero!$B$6:$B$19,"cohortes",Tablero!$AO$6:$AO$19,"SÍ") | D7: =COUNTIFS(Tablero!$B$6:$B$19,"nivel",Tablero!$AP$6:$AP$19,"SÍ")+COUNTIFS(Tablero!$B$6:$B$19,"adelantado",Tablero!$AP$6:$AP$19,"SÍ")+COUNTIFS(Tablero!$B$6:$B$19,"cohortes",Tablero!$AP$6:$AP$19,"SÍ") | E7: 2 | F7: =MAX(C7,D7) | G7: =IF(F7>=E7,"SÍ","NO") | H7: =COUNTIFS(Tablero!$B$6:$B$19,"nivel",Tablero!$AM$6:$AM$19,"AMARILLO")+COUNTIFS(Tablero!$B$6:$B$19,"nivel",Tablero!$AM$6:$AM$19,"ROJO")+COUNTIFS(Tablero!$B$6:$B$19,"adelantado",Tablero!$AM$6:$AM$19,"AMARILLO")+COUNTIFS(Tablero!$B$6:$B$19,"adelantado",Tablero!$AM$6:$AM$19,"ROJO")+COUNTIFS(Tablero!$B$6:$B$19,"cohortes",Tablero!$AM$6:$AM$19,"AMARILLO")+COUNTIFS(Tablero!$B$6:$B$19,"cohortes",Tablero!$AM$6:$AM$19,"ROJO") | I7: =IF(AND(G7="NO",H7>=MAX(2,E7)),"SÍ: vigilar","no")
A8: población | B8: P1, P2, P3 | C8: =COUNTIFS(Tablero!$B$6:$B$19,"población",Tablero!$AO$6:$AO$19,"SÍ") | D8: =COUNTIFS(Tablero!$B$6:$B$19,"población",Tablero!$AP$6:$AP$19,"SÍ") | E8: 2 | F8: =MAX(C8,D8) | G8: =IF(F8>=E8,"SÍ","NO") | H8: =COUNTIFS(Tablero!$B$6:$B$19,"población",Tablero!$AM$6:$AM$19,"AMARILLO")+COUNTIFS(Tablero!$B$6:$B$19,"población",Tablero!$AM$6:$AM$19,"ROJO") | I8: =IF(AND(G8="NO",H8>=MAX(2,E8)),"SÍ: vigilar","no")
A9: negocio | B9: N1, N2 | C9: =COUNTIFS(Tablero!$B$6:$B$19,"negocio",Tablero!$AO$6:$AO$19,"SÍ") | D9: =COUNTIFS(Tablero!$B$6:$B$19,"negocio",Tablero!$AP$6:$AP$19,"SÍ") | E9: 1 | F9: =MAX(C9,D9) | G9: =IF(F9>=E9,"SÍ","NO") | H9: =COUNTIFS(Tablero!$B$6:$B$19,"negocio",Tablero!$AM$6:$AM$19,"AMARILLO")+COUNTIFS(Tablero!$B$6:$B$19,"negocio",Tablero!$AM$6:$AM$19,"ROJO") | I9: =IF(AND(G9="NO",H9>=MAX(2,E9)),"SÍ: vigilar","no")
A10: Lectura | B10: Familia encendida = patrón sostenido → acción del árbol. Señal incipiente = varios amarillos coherentes en UNA medición → vigilancia reforzada y acción PROGRAMADA si se sostiene (la lectura del curso para Austral).
A12: Diagnóstico | B12: =IF(G5="SÍ","DATOS ROTOS",IF(G6="SÍ","ORDEN ROTO",IF(AND(G7="SÍ",G8="SÍ"),"NIVEL + POBLACIÓN",IF(G7="SÍ","NIVEL",IF(G8="SÍ","POBLACIÓN",IF(G9="SÍ","POLÍTICA / NEGOCIO","SIN SEÑAL"))))))
A13: Acción proporcional | B13: =INDEX(B16:B22,MATCH(B12,A16:A22,0))
A15: Tabla de acciones (editable)
A16: DATOS ROTOS | B16: Contingencia de datos: filas afectadas a política experta, corregir feed, re-puntuar. NO recalibrar.
A17: ORDEN ROTO | B17: Re-desarrollo (tras descartar datos y política); mientras, recalibración provisional y cutoff conservador.
A18: NIVEL + POBLACIÓN | B18: Recalibrar δ y buscar variables fuera del modelo que se movieron.
A19: NIVEL | B19: Recalibrar δ con muestra reciente y madura declarada; vigilancia reforzada.
A20: POBLACIÓN | B20: Modelo válido: revisar estrategia/cutoff; verificar calibración por banda.
A21: POLÍTICA / NEGOCIO | B21: Revisar overrides y aprobación con el dueño comercial; no tocar el modelo.
A22: SIN SEÑAL | B22: Vigilancia normal.

Sheet Gatillos
A1: Gatillos de cinco partes (clase 6): condición · valor de hoy · quién decide · acción · plazo
A2: «disparado» se calcula desde la condición. Jerarquía: vigilancia → recalibración δ → re-desarrollo → contingencia.
A4: gatillo | B4: condición | C4: valor de hoy | D4: disparado | E4: quién decide | F4: acción | G4: plazo
A5: Vigilancia reforzada | B5: ≥1 indicador 🟡/🔴 persistente (2 meses) o cualquier 🔴 al corte | C5: ="amarillos "&COUNTIF(Tablero!AM6:AM19,"AMARILLO")&" · rojos "&COUNTIF(Tablero!AM6:AM19,"ROJO")&" · persistentes "&COUNTIF(Tablero!AO6:AO19,"SÍ") | D5: =IF(OR(COUNTIF(Tablero!AO6:AO19,"SÍ")>0,COUNTIF(Tablero!AM6:AM19,"ROJO")>0),"SÍ","no") | E5: Jefe de Modelos | F5: Análisis por segmento/canal; CUSUM de mora temprana; frecuencia doble | G5: Informe en 10 días hábiles; dura 2 meses
A6: Contingencia de datos | B6: D1 > umbral amarillo (violaciones de contrato) | C6: ="D1 = "&Tablero!AL6 | D6: =IF(OR(Tablero!AM6="AMARILLO",Tablero!AM6="ROJO"),"SÍ","no") | E6: Dueño del dato (TI) + Jefe de Modelos | F6: Filas con violación a política experta; corregir feed; re-puntuar | G6: 24–48 horas
A7: Recalibración del δ | B7: Familia NIVEL encendida con ORDEN y DATOS apagados (hoja Diagnostico) | C7: ="nivel: "&Diagnostico!G7&" · binomial p = "&Tablero!AL16&" · HL p = "&Tablero!AL18 | D7: =IF(AND(Diagnostico!G7="SÍ",Diagnostico!G6="NO",Diagnostico!G5="NO"),"SÍ","no") | E7: Comité de Modelos (A), propone Jefe de Modelos (R) | F7: Re-anclar δ con muestra reciente y madura declarada; acta; versión menor | G7: Propuesta en 30 días
A8: Re-desarrollo | B8: Caída relativa de Gini > 30% o KS < 0,20 (rojo en O1 o O2), descartados datos | C8: ="caída Gini = "&Tablero!AL14&"% · KS = "&Tablero!AL15 | D8: =IF(AND(OR(Tablero!AM14="ROJO",Tablero!AM15="ROJO"),Diagnostico!G5="NO"),"SÍ","no") | E8: Comité de Riesgo | F8: Abrir proyecto; mientras, recalibración provisional y cutoff conservador | G8: Plan en 60 días
A9: Revisión de estrategia | B9: Familia POBLACIÓN encendida (≥2 de P1–P3) | C9: ="PSI = "&Tablero!AL7&" · CSI máx = "&Tablero!AL8&" · mix = "&Tablero!AL9 | D9: =IF(Diagnostico!G8="SÍ","SÍ","no") | E9: Gerencia de Riesgo de Crédito | F9: Re-evaluar cutoff y límites por banda; verificar calibración por banda | G9: 60 días
A10: Revisión de política comercial | B10: Familia NEGOCIO encendida (N1 o N2 persistente o rojo) | C10: ="override rate = "&Tablero!AL11 | D10: =IF(Diagnostico!G9="SÍ","SÍ","no") | E10: Comité de Crédito | F10: Auditar overrides por gestor y motivo; O/E de overrides | G10: 30 días

Sheet ARL_multiplicidad
A1: Cuántas falsas alarmas esperar y cuánto demora la detección
D2: Multiplicidad: P(≥1 amarillo por azar) con m tests independientes | G2: ARL (meses hasta la alarma) · CUSUM superior por aproximación de Siegmund; Shewhart exacto
A3: α por test | B3: 0.05 | D3: m | E3: 1−(1−α)^m | G3: δ (σ) | H3: CUSUM Siegmund (unilateral) | I3: Shewhart 3σ (bilateral) | J3: semáforo 1,96σ (bilateral)
A4: CUSUM k (σ) | B4: 0.5 | D4: 1 | E4: =1-(1-$B$3)^D4 | G4: 0 | H4: =IF(ABS((G4-$B$4))<0.000001,($B$5+1.166)^2,(EXP(-2*(G4-$B$4)*($B$5+1.166))+2*(G4-$B$4)*($B$5+1.166)-1)/(2*(G4-$B$4)^2)) | I4: =1/(1-_xlfn.NORM.S.DIST(3-G4,TRUE)+_xlfn.NORM.S.DIST(-3-G4,TRUE)) | J4: =1/(1-_xlfn.NORM.S.DIST(1.96-G4,TRUE)+_xlfn.NORM.S.DIST(-1.96-G4,TRUE))
A5: CUSUM h (σ) | B5: 4 | D5: 2 | E5: =1-(1-$B$3)^D5 | G5: 0.25 | H5: =IF(ABS((G5-$B$4))<0.000001,($B$5+1.166)^2,(EXP(-2*(G5-$B$4)*($B$5+1.166))+2*(G5-$B$4)*($B$5+1.166)-1)/(2*(G5-$B$4)^2)) | I5: =1/(1-_xlfn.NORM.S.DIST(3-G5,TRUE)+_xlfn.NORM.S.DIST(-3-G5,TRUE)) | J5: =1/(1-_xlfn.NORM.S.DIST(1.96-G5,TRUE)+_xlfn.NORM.S.DIST(-1.96-G5,TRUE))
A6: n aprobados por mes | B6: 1200 | D6: 3 | E6: =1-(1-$B$3)^D6 | G6: 0.5 | H6: =IF(ABS((G6-$B$4))<0.000001,($B$5+1.166)^2,(EXP(-2*(G6-$B$4)*($B$5+1.166))+2*(G6-$B$4)*($B$5+1.166)-1)/(2*(G6-$B$4)^2)) | I6: =1/(1-_xlfn.NORM.S.DIST(3-G6,TRUE)+_xlfn.NORM.S.DIST(-3-G6,TRUE)) | J6: =1/(1-_xlfn.NORM.S.DIST(1.96-G6,TRUE)+_xlfn.NORM.S.DIST(-1.96-G6,TRUE))
A7: tasa base mora 30+ MOB3 | B7: 0.03 | D7: 4 | E7: =1-(1-$B$3)^D7 | G7: 0.75 | H7: =IF(ABS((G7-$B$4))<0.000001,($B$5+1.166)^2,(EXP(-2*(G7-$B$4)*($B$5+1.166))+2*(G7-$B$4)*($B$5+1.166)-1)/(2*(G7-$B$4)^2)) | I7: =1/(1-_xlfn.NORM.S.DIST(3-G7,TRUE)+_xlfn.NORM.S.DIST(-3-G7,TRUE)) | J7: =1/(1-_xlfn.NORM.S.DIST(1.96-G7,TRUE)+_xlfn.NORM.S.DIST(-1.96-G7,TRUE))
A8: deterioro relativo a detectar | B8: 0.2 | D8: 5 | E8: =1-(1-$B$3)^D8 | G8: 1 | H8: =IF(ABS((G8-$B$4))<0.000001,($B$5+1.166)^2,(EXP(-2*(G8-$B$4)*($B$5+1.166))+2*(G8-$B$4)*($B$5+1.166)-1)/(2*(G8-$B$4)^2)) | I8: =1/(1-_xlfn.NORM.S.DIST(3-G8,TRUE)+_xlfn.NORM.S.DIST(-3-G8,TRUE)) | J8: =1/(1-_xlfn.NORM.S.DIST(1.96-G8,TRUE)+_xlfn.NORM.S.DIST(-1.96-G8,TRUE))
D9: 6 | E9: =1-(1-$B$3)^D9 | G9: 1.5 | H9: =IF(ABS((G9-$B$4))<0.000001,($B$5+1.166)^2,(EXP(-2*(G9-$B$4)*($B$5+1.166))+2*(G9-$B$4)*($B$5+1.166)-1)/(2*(G9-$B$4)^2)) | I9: =1/(1-_xlfn.NORM.S.DIST(3-G9,TRUE)+_xlfn.NORM.S.DIST(-3-G9,TRUE)) | J9: =1/(1-_xlfn.NORM.S.DIST(1.96-G9,TRUE)+_xlfn.NORM.S.DIST(-1.96-G9,TRUE))
A10: σ mensual de la tasa (pp) | B10: =100*SQRT(B7*(1-B7)/B6) | D10: 7 | E10: =1-(1-$B$3)^D10 | G10: 2 | H10: =IF(ABS((G10-$B$4))<0.000001,($B$5+1.166)^2,(EXP(-2*(G10-$B$4)*($B$5+1.166))+2*(G10-$B$4)*($B$5+1.166)-1)/(2*(G10-$B$4)^2)) | I10: =1/(1-_xlfn.NORM.S.DIST(3-G10,TRUE)+_xlfn.NORM.S.DIST(-3-G10,TRUE)) | J10: =1/(1-_xlfn.NORM.S.DIST(1.96-G10,TRUE)+_xlfn.NORM.S.DIST(-1.96-G10,TRUE))
A11: δ del deterioro (en σ) | B11: =B7*B8/SQRT(B7*(1-B7)/B6) | D11: 8 | E11: =1-(1-$B$3)^D11 | G11: 3 | H11: =IF(ABS((G11-$B$4))<0.000001,($B$5+1.166)^2,(EXP(-2*(G11-$B$4)*($B$5+1.166))+2*(G11-$B$4)*($B$5+1.166)-1)/(2*(G11-$B$4)^2)) | I11: =1/(1-_xlfn.NORM.S.DIST(3-G11,TRUE)+_xlfn.NORM.S.DIST(-3-G11,TRUE)) | J11: =1/(1-_xlfn.NORM.S.DIST(1.96-G11,TRUE)+_xlfn.NORM.S.DIST(-1.96-G11,TRUE))
D12: 9 | E12: =1-(1-$B$3)^D12
D13: 10 | E13: =1-(1-$B$3)^D13 | G13: δ del deterioro → | H13: =IF(ABS(B11-$B$4)<0.000001,($B$5+1.166)^2,(EXP(-2*(B11-$B$4)*($B$5+1.166))+2*(B11-$B$4)*($B$5+1.166)-1)/(2*(B11-$B$4)^2)) | I13: =1/(1-_xlfn.NORM.S.DIST(3-B11,TRUE)+_xlfn.NORM.S.DIST(-3-B11,TRUE)) | J13: =1/(1-_xlfn.NORM.S.DIST(1.96-B11,TRUE)+_xlfn.NORM.S.DIST(-1.96-B11,TRUE))
D14: 11 | E14: =1-(1-$B$3)^D14
D15: 12 | E15: =1-(1-$B$3)^D15 | G15: Siegmund: ARL ≈ [exp(−2Δb) + 2Δb − 1]/(2Δ²), Δ = δ − k, b = h + 1,166 (unilateral). Con k = 0,5 y h = 4 da ARL₀ ≈ 338; la tabla bilateral de Montgomery (168) es la mitad. Recuerda sumar el rezago del indicador (3 meses para MOB3).
D16: 13 | E16: =1-(1-$B$3)^D16
D17: 14 | E17: =1-(1-$B$3)^D17
D18: 15 | E18: =1-(1-$B$3)^D18
