Workbook

Sheet LEEME
A1: M15 · Calculadora de ajuste de intercepto (calibración de nivel)
A2: Serie 2 «Del embudo al gobierno» · acompaña a M15_calibracion.md y M15_calibracion.py
A4: QUÉ HACE
A5: Dada la PD media y el n de 10 grupos (deciles de PD) y una tasa objetivo T (TC para TTC o tasa reciente para PIT),
A6: calcula el δ que se suma al logit de cada PD para que la PD media ponderada sea T: PD_cal = 1/(1+exp(-(logit(PD)+δ))).
A7: Entrega: δ de Siddiqi (logit de medias), δ Newton (1 paso con κ), δ exacto por tabla de búsqueda + 1 paso de Newton,
A8: la PD calibrada por grupo, el desplazamiento del score (δ·factor) y, si pegas malos observados, O/E, IC de Wilson y test binomial.
A10: CÓMO USARLA
A11: 1. Hoja «Calibracion»: celdas amarillas = entradas. Pega PD media (en proporción, 0,0118 = 1,18%) y n de cada grupo.
A12: 2. Escribe la tasa objetivo T en C4. Opcional: pega los malos observados por grupo (columna D) para el backtesting.
A13: 3. Lee δ en el bloque «Resultados». La hoja «Busqueda» hace la búsqueda en grilla (gruesa ±3 con paso 0,01; fina ±0,01 con paso 0,0001).
A14: 4. Si tienes menos de 10 grupos, deja n = 0 en los sobrantes (su PD se ignora).
... A31: LN, EXP, SQRT, SUM, SUMPRODUCT, INDEX, MATCH, MIN, MAX, ABS, IF, BINOM.DIST, NORM.S.INV. Compatibles con Excel, Google Sheets y LibreOffice.

Sheet Calibracion
A1: Ajuste de intercepto por grupos
B3: Parámetros
B4: Tasa objetivo T (TC o PIT) | C4: 0.0594 | E4: factor = PDO/ln2 | F4: =C5/LN(2)
B5: PDO (puntos para duplicar odds) | C5: 20 | E5: offset = base − factor·ln(odds) | F5: =C6-F4*LN(C7)
B6: Score base | C6: 600
B7: Odds base (buenos:malos) | C7: 50
A10: Grupo | B10: PD media (entrada) | C10: n (entrada) | D10: Malos obs. (opcional) | E10: logit(PD) | F10: PD calibrada | G10: Malos esperados | H10: Tasa observada | I10: O/E | J10: Wilson inf | K10: Wilson sup | L10: ¿PD cal en IC? | M10: p (≥k) | N10: p (≤k) | O10: p bilateral | P10: Semáforo | Q10: O/E antes de calibrar
A11: 1 | B11: 0.0005 | C11: 201 | D11: 0 | E11: =IF(C11>0,LN(B11/(1-B11)),0) | F11: =1/(1+EXP(-(E11+$C$28))) | G11: =C11*F11 | H11: =IF(C11>0,D11/C11,0) | I11: =IF(G11>0,D11/G11,0) | J11: =IF(C11>0,(H11+$C$33^2/(2*C11))/(1+$C$33^2/C11)-$C$33/(1+$C$33^2/C11)*SQRT(H11*(1-H11)/C11+$C$33^2/(4*C11^2)),0) | K11: =IF(C11>0,(H11+$C$33^2/(2*C11))/(1+$C$33^2/C11)+$C$33/(1+$C$33^2/C11)*SQRT(H11*(1-H11)/C11+$C$33^2/(4*C11^2)),0) | L11: =IF(AND(F11>=J11,F11<=K11),"sí","NO") | M11: =IF(C11=0,1,IF(D11=0,1,1-_xlfn.BINOM.DIST(D11-1,C11,F11,TRUE))) | N11: =IF(C11=0,1,_xlfn.BINOM.DIST(D11,C11,F11,TRUE)) | O11: =MIN(1,2*MIN(M11,N11)) | P11: =IF(O11<0.01,"rojo",IF(O11<0.05,"amarillo","verde")) | Q11: =IF(C11*B11>0,D11/(C11*B11),0)
A12: 2 | B12: 0.0014 | C12: 200 | D12: 0 | E12: =IF(C12>0,LN(B12/(1-B12)),0) | F12: =1/(1+EXP(-(E12+$C$28))) | G12: =C12*F12 | H12: =IF(C12>0,D12/C12,0) | I12: =IF(G12>0,D12/G12,0) | J12: =IF(C12>0,(H12+$C$33^2/(2*C12))/(1+$C$33^2/C12)-$C$33/(1+$C$33^2/C12)*SQRT(H12*(1-H12)/C12+$C$33^2/(4*C12^2)),0) | K12: =IF(C12>0,(H12+$C$33^2/(2*C12))/(1+$C$33^2/C12)+$C$33/(1+$C$33^2/C12)*SQRT(H12*(1-H12)/C12+$C$33^2/(4*C12^2)),0) | L12: =IF(AND(F12>=J12,F12<=K12),"sí","NO") | M12: =IF(C12=0,1,IF(D12=0,1,1-_xlfn.BINOM.DIST(D12-1,C12,F12,TRUE))) | N12: =IF(C12=0,1,_xlfn.BINOM.DIST(D12,C12,F12,TRUE)) | O12: =MIN(1,2*MIN(M12,N12)) | P12: =IF(O12<0.01,"rojo",IF(O12<0.05,"amarillo","verde")) | Q12: =IF(C12*B12>0,D12/(C12*B12),0)
A13: 3 | B13: 0.0032 | C13: 200 | D13: 3 | E13: =IF(C13>0,LN(B13/(1-B13)),0) | F13: =1/(1+EXP(-(E13+$C$28))) | G13: =C13*F13 | H13: =IF(C13>0,D13/C13,0) | I13: =IF(G13>0,D13/G13,0) | J13: =IF(C13>0,(H13+$C$33^2/(2*C13))/(1+$C$33^2/C13)-$C$33/(1+$C$33^2/C13)*SQRT(H13*(1-H13)/C13+$C$33^2/(4*C13^2)),0) | K13: =IF(C13>0,(H13+$C$33^2/(2*C13))/(1+$C$33^2/C13)+$C$33/(1+$C$33^2/C13)*SQRT(H13*(1-H13)/C13+$C$33^2/(4*C13^2)),0) | L13: =IF(AND(F13>=J13,F13<=K13),"sí","NO") | M13: =IF(C13=0,1,IF(D13=0,1,1-_xlfn.BINOM.DIST(D13-1,C13,F13,TRUE))) | N13: =IF(C13=0,1,_xlfn.BINOM.DIST(D13,C13,F13,TRUE)) | O13: =MIN(1,2*MIN(M13,N13)) | P13: =IF(O13<0.01,"rojo",IF(O13<0.05,"amarillo","verde")) | Q13: =IF(C13*B13>0,D13/(C13*B13),0)
A14: 4 | B14: 0.0062 | C14: 201 | D14: 2 | E14: =IF(C14>0,LN(B14/(1-B14)),0) | F14: =1/(1+EXP(-(E14+$C$28))) | G14: =C14*F14 | H14: =IF(C14>0,D14/C14,0) | I14: =IF(G14>0,D14/G14,0) | J14: =IF(C14>0,(H14+$C$33^2/(2*C14))/(1+$C$33^2/C14)-$C$33/(1+$C$33^2/C14)*SQRT(H14*(1-H14)/C14+$C$33^2/(4*C14^2)),0) | K14: =IF(C14>0,(H14+$C$33^2/(2*C14))/(1+$C$33^2/C14)+$C$33/(1+$C$33^2/C14)*SQRT(H14*(1-H14)/C14+$C$33^2/(4*C14^2)),0) | L14: =IF(AND(F14>=J14,F14<=K14),"sí","NO") | M14: =IF(C14=0,1,IF(D14=0,1,1-_xlfn.BINOM.DIST(D14-1,C14,F14,TRUE))) | N14: =IF(C14=0,1,_xlfn.BINOM.DIST(D14,C14,F14,TRUE)) | O14: =MIN(1,2*MIN(M14,N14)) | P14: =IF(O14<0.01,"rojo",IF(O14<0.05,"amarillo","verde")) | Q14: =IF(C14*B14>0,D14/(C14*B14),0)
A15: 5 | B15: 0.011 | C15: 200 | D15: 8 | E15: =IF(C15>0,LN(B15/(1-B15)),0) | F15: =1/(1+EXP(-(E15+$C$28))) | G15: =C15*F15 | H15: =IF(C15>0,D15/C15,0) | I15: =IF(G15>0,D15/G15,0) | J15: =IF(C15>0,(H15+$C$33^2/(2*C15))/(1+$C$33^2/C15)-$C$33/(1+$C$33^2/C15)*SQRT(H15*(1-H15)/C15+$C$33^2/(4*C15^2)),0) | K15: =IF(C15>0,(H15+$C$33^2/(2*C15))/(1+$C$33^2/C15)+$C$33/(1+$C$33^2/C15)*SQRT(H15*(1-H15)/C15+$C$33^2/(4*C15^2)),0) | L15: =IF(AND(F15>=J15,F15<=K15),"sí","NO") | M15: =IF(C15=0,1,IF(D15=0,1,1-_xlfn.BINOM.DIST(D15-1,C15,F15,TRUE))) | N15: =IF(C15=0,1,_xlfn.BINOM.DIST(D15,C15,F15,TRUE)) | O15: =MIN(1,2*MIN(M15,N15)) | P15: =IF(O15<0.01,"rojo",IF(O15<0.05,"amarillo","verde")) | Q15: =IF(C15*B15>0,D15/(C15*B15),0)
A16: 6 | B16: 0.0193 | C16: 200 | D16: 7 | E16: =IF(C16>0,LN(B16/(1-B16)),0) | F16: =1/(1+EXP(-(E16+$C$28))) | G16: =C16*F16 | H16: =IF(C16>0,D16/C16,0) | I16: =IF(G16>0,D16/G16,0) | J16: =IF(C16>0,(H16+$C$33^2/(2*C16))/(1+$C$33^2/C16)-$C$33/(1+$C$33^2/C16)*SQRT(H16*(1-H16)/C16+$C$33^2/(4*C16^2)),0) | K16: =IF(C16>0,(H16+$C$33^2/(2*C16))/(1+$C$33^2/C16)+$C$33/(1+$C$33^2/C16)*SQRT(H16*(1-H16)/C16+$C$33^2/(4*C16^2)),0) | L16: =IF(AND(F16>=J16,F16<=K16),"sí","NO") | M16: =IF(C16=0,1,IF(D16=0,1,1-_xlfn.BINOM.DIST(D16-1,C16,F16,TRUE))) | N16: =IF(C16=0,1,_xlfn.BINOM.DIST(D16,C16,F16,TRUE)) | O16: =MIN(1,2*MIN(M16,N16)) | P16: =IF(O16<0.01,"rojo",IF(O16<0.05,"amarillo","verde")) | Q16: =IF(C16*B16>0,D16/(C16*B16),0)
A17: 7 | B17: 0.034 | C17: 201 | D17: 5 | E17: =IF(C17>0,LN(B17/(1-B17)),0) | F17: =1/(1+EXP(-(E17+$C$28))) | G17: =C17*F17 | H17: =IF(C17>0,D17/C17,0) | I17: =IF(G17>0,D17/G17,0) | J17: =IF(C17>0,(H17+$C$33^2/(2*C17))/(1+$C$33^2/C17)-$C$33/(1+$C$33^2/C17)*SQRT(H17*(1-H17)/C17+$C$33^2/(4*C17^2)),0) | K17: =IF(C17>0,(H17+$C$33^2/(2*C17))/(1+$C$33^2/C17)+$C$33/(1+$C$33^2/C17)*SQRT(H17*(1-H17)/C17+$C$33^2/(4*C17^2)),0) | L17: =IF(AND(F17>=J17,F17<=K17),"sí","NO") | M17: =IF(C17=0,1,IF(D17=0,1,1-_xlfn.BINOM.DIST(D17-1,C17,F17,TRUE))) | N17: =IF(C17=0,1,_xlfn.BINOM.DIST(D17,C17,F17,TRUE)) | O17: =MIN(1,2*MIN(M17,N17)) | P17: =IF(O17<0.01,"rojo",IF(O17<0.05,"amarillo","verde")) | Q17: =IF(C17*B17>0,D17/(C17*B17),0)
A18: 8 | B18: 0.0621 | C18: 200 | D18: 11 | E18: =IF(C18>0,LN(B18/(1-B18)),0) | F18: =1/(1+EXP(-(E18+$C$28))) | G18: =C18*F18 | H18: =IF(C18>0,D18/C18,0) | I18: =IF(G18>0,D18/G18,0) | J18: =IF(C18>0,(H18+$C$33^2/(2*C18))/(1+$C$33^2/C18)-$C$33/(1+$C$33^2/C18)*SQRT(H18*(1-H18)/C18+$C$33^2/(4*C18^2)),0) | K18: =IF(C18>0,(H18+$C$33^2/(2*C18))/(1+$C$33^2/C18)+$C$33/(1+$C$33^2/C18)*SQRT(H18*(1-H18)/C18+$C$33^2/(4*C18^2)),0) | L18: =IF(AND(F18>=J18,F18<=K18),"sí","NO") | M18: =IF(C18=0,1,IF(D18=0,1,1-_xlfn.BINOM.DIST(D18-1,C18,F18,TRUE))) | N18: =IF(C18=0,1,_xlfn.BINOM.DIST(D18,C18,F18,TRUE)) | O18: =MIN(1,2*MIN(M18,N18)) | P18: =IF(O18<0.01,"rojo",IF(O18<0.05,"amarillo","verde")) | Q18: =IF(C18*B18>0,D18/(C18*B18),0)
A19: 9 | B19: 0.1211 | C19: 200 | D19: 26 | E19: =IF(C19>0,LN(B19/(1-B19)),0) | F19: =1/(1+EXP(-(E19+$C$28))) | G19: =C19*F19 | H19: =IF(C19>0,D19/C19,0) | I19: =IF(G19>0,D19/G19,0) | J19: =IF(C19>0,(H19+$C$33^2/(2*C19))/(1+$C$33^2/C19)-$C$33/(1+$C$33^2/C19)*SQRT(H19*(1-H19)/C19+$C$33^2/(4*C19^2)),0) | K19: =IF(C19>0,(H19+$C$33^2/(2*C19))/(1+$C$33^2/C19)+$C$33/(1+$C$33^2/C19)*SQRT(H19*(1-H19)/C19+$C$33^2/(4*C19^2)),0) | L19: =IF(AND(F19>=J19,F19<=K19),"sí","NO") | M19: =IF(C19=0,1,IF(D19=0,1,1-_xlfn.BINOM.DIST(D19-1,C19,F19,TRUE))) | N19: =IF(C19=0,1,_xlfn.BINOM.DIST(D19,C19,F19,TRUE)) | O19: =MIN(1,2*MIN(M19,N19)) | P19: =IF(O19<0.01,"rojo",IF(O19<0.05,"amarillo","verde")) | Q19: =IF(C19*B19>0,D19/(C19*B19),0)
A20: 10 | B20: 0.3056 | C20: 201 | D20: 57 | E20: =IF(C20>0,LN(B20/(1-B20)),0) | F20: =1/(1+EXP(-(E20+$C$28))) | G20: =C20*F20 | H20: =IF(C20>0,D20/C20,0) | I20: =IF(G20>0,D20/G20,0) | J20: =IF(C20>0,(H20+$C$33^2/(2*C20))/(1+$C$33^2/C20)-$C$33/(1+$C$33^2/C20)*SQRT(H20*(1-H20)/C20+$C$33^2/(4*C20^2)),0) | K20: =IF(C20>0,(H20+$C$33^2/(2*C20))/(1+$C$33^2/C20)+$C$33/(1+$C$33^2/C20)*SQRT(H20*(1-H20)/C20+$C$33^2/(4*C20^2)),0) | L20: =IF(AND(F20>=J20,F20<=K20),"sí","NO") | M20: =IF(C20=0,1,IF(D20=0,1,1-_xlfn.BINOM.DIST(D20-1,C20,F20,TRUE))) | N20: =IF(C20=0,1,_xlfn.BINOM.DIST(D20,C20,F20,TRUE)) | O20: =MIN(1,2*MIN(M20,N20)) | P20: =IF(O20<0.01,"rojo",IF(O20<0.05,"amarillo","verde")) | Q20: =IF(C20*B20>0,D20/(C20*B20),0)
A21: Total | B21: =SUMPRODUCT(B11:B20,C11:C20)/SUM(C11:C20) | C21: =SUM(C11:C20) | D21: =SUM(D11:D20) | F21: =SUMPRODUCT(F11:F20,C11:C20)/C21 | G21: =SUM(G11:G20) | H21: =D21/C21 | I21: =D21/G21 | M21: =IF(D21=0,1,1-_xlfn.BINOM.DIST(D21-1,C21,F21,TRUE)) | N21: =_xlfn.BINOM.DIST(D21,C21,F21,TRUE) | O21: =MIN(1,2*MIN(M21,N21)) | P21: =IF(O21<0.01,"rojo",IF(O21<0.05,"amarillo","verde")) | Q21: =D21/SUMPRODUCT(B11:B20,C11:C20)
B23: Resultados
B24: PD media ponderada (antes) | C24: =B21
B25: κ agrupado = Var(PD)/[p̄(1−p̄)] | C25: =SUMPRODUCT(C11:C20,(B11:B20-C24)^2)/C21/(C24*(1-C24))
B26: δ Siddiqi = logit(T) − logit(p̄) | C26: =LN(C4/(1-C4))-LN(C24/(1-C24))
B27: δ Newton 1 paso = δ_S/(1−κ) | C27: =C26/(1-C25)
B28: δ exacto (búsqueda fina + 1 paso de Newton) ← se aplica | C28: =Busqueda!I4-Busqueda!I5/Busqueda!I6 | D28: (δ que usa la columna F)
B29: Verificación: PD media calibrada − T | C29: =F21-C4
B30: Error relativo de Siddiqi = 1 − δ_S/δ | C30: =1-C26/C28
B31: Desplazamiento del score = −δ·factor (pts) | C31: =-C28*F4
B32: PD que corresponde al score base antes → después | C32: =1/(1+C7) | D32: =1/(1+EXP(-(LN(C32/(1-C32))+C28))) | E32: (el mismo score promete otra PD tras calibrar)
B33: z para IC 95% (NORM.S.INV(0,975)) | C33: =_xlfn.NORM.S.INV(0.975)

Sheet Busqueda
A1: Búsqueda de δ: f(δ) = Σ n·σ(logit(PD)+δ)/Σn − T
A3: δ grueso | B3: f(δ) | C3: |f(δ)| | E3: δ fino | F3: f(δ) | G3: |f(δ)| | H3: δ grueso (mín |f|) | I3: =INDEX(A4:A604,MATCH(MIN(C4:C604),C4:C604,0))
A4: -3 | B4: =SUMPRODUCT(Calibracion!$C$11:$C$20,1/(1+EXP(-(Calibracion!$E$11:$E$20+A4))))/Calibracion!$C$21-Calibracion!$C$4 | C4: =ABS(B4) | E4: =I3-0.01 | F4: =SUMPRODUCT(Calibracion!$C$11:$C$20,1/(1+EXP(-(Calibracion!$E$11:$E$20+E4))))/Calibracion!$C$21-Calibracion!$C$4 | G4: =ABS(F4) | H4: δ fino (mín |f|) | I4: =INDEX(E4:E204,MATCH(MIN(G4:G204),G4:G204,0))
A5: =A4+0.01 | B5: =SUMPRODUCT(Calibracion!$C$11:$C$20,1/(1+EXP(-(Calibracion!$E$11:$E$20+A5))))/Calibracion!$C$21-Calibracion!$C$4 | C5: =ABS(B5) | E5: =E4+0.0001 | F5: =SUMPRODUCT(Calibracion!$C$11:$C$20,1/(1+EXP(-(Calibracion!$E$11:$E$20+E5))))/Calibracion!$C$21-Calibracion!$C$4 | G5: =ABS(F5) | H5: f(δ fino) | I5: =SUMPRODUCT(Calibracion!$C$11:$C$20,1/(1+EXP(-(Calibracion!$E$11:$E$20+I4))))/Calibracion!$C$21-Calibracion!$C$4
A6: =A5+0.01 | B6: =SUMPRODUCT(Calibracion!$C$11:$C$20,1/(1+EXP(-(Calibracion!$E$11:$E$20+A6))))/Calibracion!$C$21-Calibracion!$C$4 | C6: =ABS(B6) | E6: =E5+0.0001 | F6: =SUMPRODUCT(Calibracion!$C$11:$C$20,1/(1+EXP(-(Calibracion!$E$11:$E$20+E6))))/Calibracion!$C$21-Calibracion!$C$4 | G6: =ABS(F6) | H6: f'(δ fino) = media ponderada de p(1−p) | I6: =SUMPRODUCT(Calibracion!$C$11:$C$20,1/(1+EXP(-(Calibracion!$E$11:$E$20+I4))),1-1/(1+EXP(-(Calibracion!$E$11:$E$20+I4))))/Calibracion!$C$21
A7: =A6+0.01 | B7: =SUMPRODUCT(Calibracion!$C$11:$C$20,1/(1+EXP(-(Calibracion!$E$11:$E$20+A7))))/Calibracion!$C$21-Calibracion!$C$4 | C7: =ABS(B7) | E7: =E6+0.0001 | F7: =SUMPRODUCT(Calibracion!$C$11:$C$20,1/(1+EXP(-(Calibracion!$E$11:$E$20+E7))))/Calibracion!$C$21-Calibracion!$C$4 | G7: =ABS(F7) | H7: ¿Raíz dentro de ±3? (f cambia de signo) | I7: =IF(B4*B604<0,"sí","NO: ampliar grilla")
A8: =A7+0.01 | B8: =SUMPRODUCT(Calibracion!$C$11:$C$20,1/(1+EXP(-(Calibracion!$E$11:$E$20+A8))))/Calibracion!$C$21-Calibracion!$C$4 | C8: =ABS(B8) | E8: =E7+0.0001 | F8: =SUMPRODUCT(Calibracion!$C$11:$C$20,1/(1+EXP(-(Calibracion!$E$11:$E$20+E8))))/Calibracion!$C$21-Calibracion!$C$4 | G8: =ABS(F8)
A9: =A8+0.01 | B9: =SUMPRODUCT(Calibracion!$C$11:$C$20,1/(1+EXP(-(Calibracion!$E$11:$E$20+A9))))/Calibracion!$C$21-Calibracion!$C$4 | C9: =ABS(B9) | E9: =E8+0.0001 | F9: =SUMPRODUCT(Calibracion!$C$11:$C$20,1/(1+EXP(-(Calibracion!$E$11:$E$20+E9))))/Calibracion!$C$21-Calibracion!$C$4 | G9: =ABS(F9)
A10: =A9+0.01 | B10: =SUMPRODUCT(Calibracion!$C$11:$C$20,1/(1+EXP(-(Calibracion!$E$11:$E$20+A10))))/Calibracion!$C$21-Calibracion!$C$4 | C10: =ABS(B10) | E10: =E9+0.0001 | F10: =SUMPRODUCT(Calibracion!$C$11:$C$20,1/(1+EXP(-(Calibracion!$E$11:$E$20+E10))))/Calibracion!$C$21-Calibracion!$C$4 | G10: =ABS(F10)
A11: =A10+0.01 | B11: =SUMPRODUCT(Calibracion!$C$11:$C$20,1/(1+EXP(-(Calibracion!$E$11:$E$20+A11))))/Calibracion!$C$21-Calibracion!$C$4 | C11: =ABS(B11) | E11: =E10+0.0001 | F11: =SUMPRODUCT(Calibracion!$C$11:$C$20,1/(1+EXP(-(Calibracion!$E$11:$E$20+E11))))/Calibracion!$C$21-Calibracion!$C$4 | G11: =ABS(F11)
A12: =A11+0.01 | B12: =SUMPRODUCT(Calibracion!$C$11:$C$20,1/(1+EXP(-(Calibracion!$E$11:$E$20+A12))))/Calibracion!$C$21-Calibracion!$C$4 | C12: =ABS(B12) | E12: =E11+0.0001 | F12: =SUMPRODUCT(Calibracion!$C$11:$C$20,1/(1+EXP(-(Calibracion!$E$11:$E$20+E12))))/Calibracion!$C$21-Calibracion!$C$4 | G12: =ABS(F12)
A13: =A12+0.01 | B13: =SUMPRODUCT(Calibracion!$C$11:$C$20,1/(1+EXP(-(Calibracion!$E$11:$E$20+A13))))/Calibracion!$C$21-Calibracion!$C$4 | C13: =ABS(B13) | E13: =E12+0.0001 | F13: =SUMPRODUCT(Calibracion!$C$11:$C$20,1/(1+EXP(-(Calibracion!$E$11:$E$20+E13))))/Calibracion!$C$21-Calibracion!$C$4 | G13: =ABS(F13)
A14: =A13+0.01 | B14: =SUMPRODUCT(Calibracion!$C$11:$C$20,1/(1+EXP(-(Calibracion!$E$11:$E$20+A14))))/Calibracion!$C$21-Calibracion!$C$4 | C14: =ABS(B14) | E14: =E13+0.0001 | F14: =SUMPRODUCT(Calibracion!$C$11:$C$20,1/(1+EXP(-(Calibracion!$E$11:$E$20+E14))))/Calibracion!$C$21-Calibracion!$C$4 | G14: =ABS(F14)
A15: =A14+0.01 | B15: =SUMPRODUCT(Calibracion!$C$11:$C$20,1/(1+EXP(-(Calibracion!$E$11:$E$20+A15))))/Calibracion!$C$21-Calibracion!$C$4 | C15: =ABS(B15) | E15: =E14+0.0001 | F15: =SUMPRODUCT(Calibracion!$C$11:$C$20,1/(1+EXP(-(Calibracion!$E$11:$E$20+E15))))/Calibracion!$C$21-Calibracion!$C$4 | G15: =ABS(F15)
A16: =A15+0.01 | B16: =SUMPRODUCT(Calibracion!$C$11:$C$20,1/(1+EXP(-(Calibracion!$E$11:$E$20+A16))))/Calibracion!$C$21-Calibracion!$C$4 | C16: =ABS(B16) | E16: =E15+0.0001 | F16: =SUMPRODUCT(Calibracion!$C$11:$C$20,1/(1+EXP(-(Calibracion!$E$11:$E$20+E16))))/Calibracion!$C$21-Calibracion!$C$4 | G16: =ABS(F16)
A17: =A16+0.01 | B17: =SUMPRODUCT(Calibracion!$C$11:$C$20,1/(1+EXP(-(Calibracion!$E$11:$E$20+A17))))/Calibracion!$C$21-Calibracion!$C$4 | C17: =ABS(B17) | E17: =E16+0.0001 | F17: =SUMPRODUCT(Calibracion!$C$11:$C$20,1/(1+EXP(-(Calibracion!$E$11:$E$20+E17))))/Calibracion!$C$21-Calibracion!$C$4 | G17: =ABS(F17)
A18: =A17+0.01 | B18: =SUMPRODUCT(Calibracion!$C$11:$C$20,1/(1+EXP(-(Calibracion!$E$11:$E$20+A18))))/Calibracion!$C$21-Calibracion!$C$4 | C18: =ABS(B18) | E18: =E17+0.0001 | F18: =SUMPRODUCT(Calibracion!$C$11:$C$20,1/(1+EXP(-(Calibracion!$E$11:$E$20+E18))))/Calibracion!$C$21-Calibracion!$C$4 | G18: =ABS(F18)
A19: =A18+0.01 | B19: =SUMPRODUCT(Calibracion!$C$11:$C$20,1/(1+EXP(-(Calibracion!$E$11:$E$20+A19))))/Calibracion!$C$21-Calibracion!$C$4 | C19: =ABS(B19) | E19: =E18+0.0001 | F19: =SUMPRODUCT(Calibracion!$C$11:$C$20,1/(1+EXP(-(Calibracion!$E$11:$E$20+E19))))/Calibracion!$C$21-Calibracion!$C$4 | G19: =ABS(F19)
... A204: =A203+0.01 | B204: =SUMPRODUCT(Calibracion!$C$11:$C$20,1/(1+EXP(-(Calibracion!$E$11:$E$20+A204))))/Calibracion!$C$21-Calibracion!$C$4 | C204: =ABS(B204) | E204: =E203+0.0001 | F204: =SUMPRODUCT(Calibracion!$C$11:$C$20,1/(1+EXP(-(Calibracion!$E$11:$E$20+E204))))/Calibracion!$C$21-Calibracion!$C$4 | G204: =ABS(F204)
A205: =A204+0.01 | B205: =SUMPRODUCT(Calibracion!$C$11:$C$20,1/(1+EXP(-(Calibracion!$E$11:$E$20+A205))))/Calibracion!$C$21-Calibracion!$C$4 | C205: =ABS(B205)
A206: =A205+0.01 | B206: =SUMPRODUCT(Calibracion!$C$11:$C$20,1/(1+EXP(-(Calibracion!$E$11:$E$20+A206))))/Calibracion!$C$21-Calibracion!$C$4 | C206: =ABS(B206)
A207: =A206+0.01 | B207: =SUMPRODUCT(Calibracion!$C$11:$C$20,1/(1+EXP(-(Calibracion!$E$11:$E$20+A207))))/Calibracion!$C$21-Calibracion!$C$4 | C207: =ABS(B207)
A208: =A207+0.01 | B208: =SUMPRODUCT(Calibracion!$C$11:$C$20,1/(1+EXP(-(Calibracion!$E$11:$E$20+A208))))/Calibracion!$C$21-Calibracion!$C$4 | C208: =ABS(B208)
A209: =A208+0.01 | B209: =SUMPRODUCT(Calibracion!$C$11:$C$20,1/(1+EXP(-(Calibracion!$E$11:$E$20+A209))))/Calibracion!$C$21-Calibracion!$C$4 | C209: =ABS(B209)
A210: =A209+0.01 | B210: =SUMPRODUCT(Calibracion!$C$11:$C$20,1/(1+EXP(-(Calibracion!$E$11:$E$20+A210))))/Calibracion!$C$21-Calibracion!$C$4 | C210: =ABS(B210)
A211: =A210+0.01 | B211: =SUMPRODUCT(Calibracion!$C$11:$C$20,1/(1+EXP(-(Calibracion!$E$11:$E$20+A211))))/Calibracion!$C$21-Calibracion!$C$4 | C211: =ABS(B211)
A212: =A211+0.01 | B212: =SUMPRODUCT(Calibracion!$C$11:$C$20,1/(1+EXP(-(Calibracion!$E$11:$E$20+A212))))/Calibracion!$C$21-Calibracion!$C$4 | C212: =ABS(B212)
A213: =A212+0.01 | B213: =SUMPRODUCT(Calibracion!$C$11:$C$20,1/(1+EXP(-(Calibracion!$E$11:$E$20+A213))))/Calibracion!$C$21-Calibracion!$C$4 | C213: =ABS(B213)
A214: =A213+0.01 | B214: =SUMPRODUCT(Calibracion!$C$11:$C$20,1/(1+EXP(-(Calibracion!$E$11:$E$20+A214))))/Calibracion!$C$21-Calibracion!$C$4 | C214: =ABS(B214)
A215: =A214+0.01 | B215: =SUMPRODUCT(Calibracion!$C$11:$C$20,1/(1+EXP(-(Calibracion!$E$11:$E$20+A215))))/Calibracion!$C$21-Calibracion!$C$4 | C215: =ABS(B215)
A216: =A215+0.01 | B216: =SUMPRODUCT(Calibracion!$C$11:$C$20,1/(1+EXP(-(Calibracion!$E$11:$E$20+A216))))/Calibracion!$C$21-Calibracion!$C$4 | C216: =ABS(B216)
... A604: =A603+0.01 | B604: =SUMPRODUCT(Calibracion!$C$11:$C$20,1/(1+EXP(-(Calibracion!$E$11:$E$20+A604))))/Calibracion!$C$21-Calibracion!$C$4 | C604: =ABS(B604)
