Workbook

Sheet LEEME
A1: M19 · Backtesting de calibración por banda (Serie 2 · Del embudo al gobierno)
A3: Qué es
A4: Calculadora de backtesting de PD para una master scale de 8 bandas: test binomial exacto (una y dos colas),
A5: aproximación normal, test de Jeffreys (instrucciones de reporte de validación del BCE), intervalo de Jeffreys,
A6: semáforo, corrección por multiplicidad (Bonferroni y Holm), test de signos, Hosmer-Lemeshow sobre bandas y
A7: sobre 10 grupos, potencia por banda y p-valor ajustado por correlación de defaults (modelo de un factor de Vasicek).
A9: Cómo usarla
A10: 1. Hoja «Bandas»: pega n, PD calibrada y malos observados de tus 8 bandas en las celdas amarillas.
A11: Viene cargada con Banco Austral OOT (clase 5, lámina 22). Ajusta umbrales y el tipo de p que manda el semáforo.
A12: 2. Hoja «HL_grupos»: pega n, PD media y observados de 10 grupos (viene con la lámina 24 del curso).
A13: 3. Hoja «Potencia»: elige el multiplicador m de la PD verdadera y lee qué banda tiene poder para detectarlo.
A14: 4. Hoja «Correlacion»: elige ρ (correlación de activos) y lee el p de una cola ajustado por correlación.
... A32: Celdas amarillas = parámetros o datos que puedes cambiar. Todo lo demás son fórmulas.

Sheet Bandas
A1: Backtesting por banda (8 bandas)
A3: Umbral amarillo (α) | D3: 0.05
A4: Umbral rojo (α) | D4: 0.01
A5: p que manda el semáforo: 1 = una cola sup · 2 = dos colas (doble) · 3 = normal dos colas · 4 = Jeffreys | D5: 1
A6: Nivel del intervalo de Jeffreys | D6: 0.95
A7: Nota: la columna «p dos colas (doble)» NO es la «minlike» de scipy/R que usó el curso; en bandas con np chico, minlike = una cola superior (ver M19 §3.2).
A9: Banda | B9: n | C9: PD calibrada | D9: Malos | E9: Esperados | F9: Tasa obs. | G9: z | H9: p una cola sup | I9: p una cola inf | J9: p dos colas (doble) | K9: p normal dos colas | L9: Aviso np | M9: p Jeffreys (BCE) | N9: IC Jeffreys inf | O9: IC Jeffreys sup | P9: PD dentro del IC | Q9: p del semáforo | R9: Semáforo | S9: Rango (desempate) | T9: p Bonferroni | U9: p Holm | V9: Semáforo Holm | W9: Aporte HL | Y9: Rango r | Z9: p(r) ordenado | AA9: (m−r+1)·p(r) | AB9: Holm ajustado (ordenado)
A10: A1 | B10: 432 | C10: 0.0011 | D10: 1 | E10: =B10*C10 | F10: =D10/B10 | G10: =(D10-E10)/SQRT(E10*(1-C10)) | H10: =IF(D10=0,1,1-_xlfn.BINOM.DIST(D10-1,B10,C10,TRUE)) | I10: =_xlfn.BINOM.DIST(D10,B10,C10,TRUE) | J10: =MIN(1,2*MIN(H10,I10)) | K10: =2*(1-_xlfn.NORM.S.DIST(ABS(G10),TRUE)) | L10: =IF(E10<5,"np<5: no usar normal","ok") | M10: =_xlfn.BETA.DIST(C10,D10+0.5,B10-D10+0.5,TRUE) | N10: =IF(D10=0,0,_xlfn.BETA.INV((1-$D$6)/2,D10+0.5,B10-D10+0.5)) | O10: =IF(D10=B10,1,_xlfn.BETA.INV(1-(1-$D$6)/2,D10+0.5,B10-D10+0.5)) | P10: =IF(AND(C10>=N10,C10<=O10),"sí","NO") | Q10: =CHOOSE($D$5,H10,J10,K10,M10) | R10: =IF(Q10<$D$4,"ROJO",IF(Q10<$D$3,"AMARILLO","VERDE")) | S10: =_xlfn.RANK.EQ(Q10,$Q$10:$Q$17,1)+COUNTIF($Q$10:Q10,Q10)-1 | T10: =MIN(1,8*Q10) | U10: =INDEX($AB$10:$AB$17,S10) | V10: =IF(U10<$D$4,"ROJO",IF(U10<$D$3,"AMARILLO","VERDE")) | W10: =(D10-E10)^2/(E10*(1-C10)) | Y10: 1 | Z10: =INDEX($Q$10:$Q$17,MATCH(Y10,$S$10:$S$17,0)) | AA10: =MIN(1,(8-Y10+1)*Z10) | AB10: =AA10
A11: A2 | B11: 199 | C11: 0.0036 | D11: 3 | E11: =B11*C11 | F11: =D11/B11 | G11: =(D11-E11)/SQRT(E11*(1-C11)) | H11: =IF(D11=0,1,1-_xlfn.BINOM.DIST(D11-1,B11,C11,TRUE)) | I11: =_xlfn.BINOM.DIST(D11,B11,C11,TRUE) | J11: =MIN(1,2*MIN(H11,I11)) | K11: =2*(1-_xlfn.NORM.S.DIST(ABS(G11),TRUE)) | L11: =IF(E11<5,"np<5: no usar normal","ok") | M11: =_xlfn.BETA.DIST(C11,D11+0.5,B11-D11+0.5,TRUE) | N11: =IF(D11=0,0,_xlfn.BETA.INV((1-$D$6)/2,D11+0.5,B11-D11+0.5)) | O11: =IF(D11=B11,1,_xlfn.BETA.INV(1-(1-$D$6)/2,D11+0.5,B11-D11+0.5)) | P11: =IF(AND(C11>=N11,C11<=O11),"sí","NO") | Q11: =CHOOSE($D$5,H11,J11,K11,M11) | R11: =IF(Q11<$D$4,"ROJO",IF(Q11<$D$3,"AMARILLO","VERDE")) | S11: =_xlfn.RANK.EQ(Q11,$Q$10:$Q$17,1)+COUNTIF($Q$10:Q11,Q11)-1 | T11: =MIN(1,8*Q11) | U11: =INDEX($AB$10:$AB$17,S11) | V11: =IF(U11<$D$4,"ROJO",IF(U11<$D$3,"AMARILLO","VERDE")) | W11: =(D11-E11)^2/(E11*(1-C11)) | Y11: 2 | Z11: =INDEX($Q$10:$Q$17,MATCH(Y11,$S$10:$S$17,0)) | AA11: =MIN(1,(8-Y11+1)*Z11) | AB11: =MAX(AB10,AA11)
A12: B1 | B12: 244 | C12: 0.0072 | D12: 4 | E12: =B12*C12 | F12: =D12/B12 | G12: =(D12-E12)/SQRT(E12*(1-C12)) | H12: =IF(D12=0,1,1-_xlfn.BINOM.DIST(D12-1,B12,C12,TRUE)) | I12: =_xlfn.BINOM.DIST(D12,B12,C12,TRUE) | J12: =MIN(1,2*MIN(H12,I12)) | K12: =2*(1-_xlfn.NORM.S.DIST(ABS(G12),TRUE)) | L12: =IF(E12<5,"np<5: no usar normal","ok") | M12: =_xlfn.BETA.DIST(C12,D12+0.5,B12-D12+0.5,TRUE) | N12: =IF(D12=0,0,_xlfn.BETA.INV((1-$D$6)/2,D12+0.5,B12-D12+0.5)) | O12: =IF(D12=B12,1,_xlfn.BETA.INV(1-(1-$D$6)/2,D12+0.5,B12-D12+0.5)) | P12: =IF(AND(C12>=N12,C12<=O12),"sí","NO") | Q12: =CHOOSE($D$5,H12,J12,K12,M12) | R12: =IF(Q12<$D$4,"ROJO",IF(Q12<$D$3,"AMARILLO","VERDE")) | S12: =_xlfn.RANK.EQ(Q12,$Q$10:$Q$17,1)+COUNTIF($Q$10:Q12,Q12)-1 | T12: =MIN(1,8*Q12) | U12: =INDEX($AB$10:$AB$17,S12) | V12: =IF(U12<$D$4,"ROJO",IF(U12<$D$3,"AMARILLO","VERDE")) | W12: =(D12-E12)^2/(E12*(1-C12)) | Y12: 3 | Z12: =INDEX($Q$10:$Q$17,MATCH(Y12,$S$10:$S$17,0)) | AA12: =MIN(1,(8-Y12+1)*Z12) | AB12: =MAX(AB11,AA12)
A13: B2 | B13: 235 | C13: 0.0142 | D13: 8 | E13: =B13*C13 | F13: =D13/B13 | G13: =(D13-E13)/SQRT(E13*(1-C13)) | H13: =IF(D13=0,1,1-_xlfn.BINOM.DIST(D13-1,B13,C13,TRUE)) | I13: =_xlfn.BINOM.DIST(D13,B13,C13,TRUE) | J13: =MIN(1,2*MIN(H13,I13)) | K13: =2*(1-_xlfn.NORM.S.DIST(ABS(G13),TRUE)) | L13: =IF(E13<5,"np<5: no usar normal","ok") | M13: =_xlfn.BETA.DIST(C13,D13+0.5,B13-D13+0.5,TRUE) | N13: =IF(D13=0,0,_xlfn.BETA.INV((1-$D$6)/2,D13+0.5,B13-D13+0.5)) | O13: =IF(D13=B13,1,_xlfn.BETA.INV(1-(1-$D$6)/2,D13+0.5,B13-D13+0.5)) | P13: =IF(AND(C13>=N13,C13<=O13),"sí","NO") | Q13: =CHOOSE($D$5,H13,J13,K13,M13) | R13: =IF(Q13<$D$4,"ROJO",IF(Q13<$D$3,"AMARILLO","VERDE")) | S13: =_xlfn.RANK.EQ(Q13,$Q$10:$Q$17,1)+COUNTIF($Q$10:Q13,Q13)-1 | T13: =MIN(1,8*Q13) | U13: =INDEX($AB$10:$AB$17,S13) | V13: =IF(U13<$D$4,"ROJO",IF(U13<$D$3,"AMARILLO","VERDE")) | W13: =(D13-E13)^2/(E13*(1-C13)) | Y13: 4 | Z13: =INDEX($Q$10:$Q$17,MATCH(Y13,$S$10:$S$17,0)) | AA13: =MIN(1,(8-Y13+1)*Z13) | AB13: =MAX(AB12,AA13)
A14: C1 | B14: 239 | C14: 0.028 | D14: 8 | E14: =B14*C14 | F14: =D14/B14 | G14: =(D14-E14)/SQRT(E14*(1-C14)) | H14: =IF(D14=0,1,1-_xlfn.BINOM.DIST(D14-1,B14,C14,TRUE)) | I14: =_xlfn.BINOM.DIST(D14,B14,C14,TRUE) | J14: =MIN(1,2*MIN(H14,I14)) | K14: =2*(1-_xlfn.NORM.S.DIST(ABS(G14),TRUE)) | L14: =IF(E14<5,"np<5: no usar normal","ok") | M14: =_xlfn.BETA.DIST(C14,D14+0.5,B14-D14+0.5,TRUE) | N14: =IF(D14=0,0,_xlfn.BETA.INV((1-$D$6)/2,D14+0.5,B14-D14+0.5)) | O14: =IF(D14=B14,1,_xlfn.BETA.INV(1-(1-$D$6)/2,D14+0.5,B14-D14+0.5)) | P14: =IF(AND(C14>=N14,C14<=O14),"sí","NO") | Q14: =CHOOSE($D$5,H14,J14,K14,M14) | R14: =IF(Q14<$D$4,"ROJO",IF(Q14<$D$3,"AMARILLO","VERDE")) | S14: =_xlfn.RANK.EQ(Q14,$Q$10:$Q$17,1)+COUNTIF($Q$10:Q14,Q14)-1 | T14: =MIN(1,8*Q14) | U14: =INDEX($AB$10:$AB$17,S14) | V14: =IF(U14<$D$4,"ROJO",IF(U14<$D$3,"AMARILLO","VERDE")) | W14: =(D14-E14)^2/(E14*(1-C14)) | Y14: 5 | Z14: =INDEX($Q$10:$Q$17,MATCH(Y14,$S$10:$S$17,0)) | AA14: =MIN(1,(8-Y14+1)*Z14) | AB14: =MAX(AB13,AA14)
A15: C2 | B15: 220 | C15: 0.0544 | D15: 9 | E15: =B15*C15 | F15: =D15/B15 | G15: =(D15-E15)/SQRT(E15*(1-C15)) | H15: =IF(D15=0,1,1-_xlfn.BINOM.DIST(D15-1,B15,C15,TRUE)) | I15: =_xlfn.BINOM.DIST(D15,B15,C15,TRUE) | J15: =MIN(1,2*MIN(H15,I15)) | K15: =2*(1-_xlfn.NORM.S.DIST(ABS(G15),TRUE)) | L15: =IF(E15<5,"np<5: no usar normal","ok") | M15: =_xlfn.BETA.DIST(C15,D15+0.5,B15-D15+0.5,TRUE) | N15: =IF(D15=0,0,_xlfn.BETA.INV((1-$D$6)/2,D15+0.5,B15-D15+0.5)) | O15: =IF(D15=B15,1,_xlfn.BETA.INV(1-(1-$D$6)/2,D15+0.5,B15-D15+0.5)) | P15: =IF(AND(C15>=N15,C15<=O15),"sí","NO") | Q15: =CHOOSE($D$5,H15,J15,K15,M15) | R15: =IF(Q15<$D$4,"ROJO",IF(Q15<$D$3,"AMARILLO","VERDE")) | S15: =_xlfn.RANK.EQ(Q15,$Q$10:$Q$17,1)+COUNTIF($Q$10:Q15,Q15)-1 | T15: =MIN(1,8*Q15) | U15: =INDEX($AB$10:$AB$17,S15) | V15: =IF(U15<$D$4,"ROJO",IF(U15<$D$3,"AMARILLO","VERDE")) | W15: =(D15-E15)^2/(E15*(1-C15)) | Y15: 6 | Z15: =INDEX($Q$10:$Q$17,MATCH(Y15,$S$10:$S$17,0)) | AA15: =MIN(1,(8-Y15+1)*Z15) | AB15: =MAX(AB14,AA15)
A16: D | B16: 172 | C16: 0.1021 | D16: 22 | E16: =B16*C16 | F16: =D16/B16 | G16: =(D16-E16)/SQRT(E16*(1-C16)) | H16: =IF(D16=0,1,1-_xlfn.BINOM.DIST(D16-1,B16,C16,TRUE)) | I16: =_xlfn.BINOM.DIST(D16,B16,C16,TRUE) | J16: =MIN(1,2*MIN(H16,I16)) | K16: =2*(1-_xlfn.NORM.S.DIST(ABS(G16),TRUE)) | L16: =IF(E16<5,"np<5: no usar normal","ok") | M16: =_xlfn.BETA.DIST(C16,D16+0.5,B16-D16+0.5,TRUE) | N16: =IF(D16=0,0,_xlfn.BETA.INV((1-$D$6)/2,D16+0.5,B16-D16+0.5)) | O16: =IF(D16=B16,1,_xlfn.BETA.INV(1-(1-$D$6)/2,D16+0.5,B16-D16+0.5)) | P16: =IF(AND(C16>=N16,C16<=O16),"sí","NO") | Q16: =CHOOSE($D$5,H16,J16,K16,M16) | R16: =IF(Q16<$D$4,"ROJO",IF(Q16<$D$3,"AMARILLO","VERDE")) | S16: =_xlfn.RANK.EQ(Q16,$Q$10:$Q$17,1)+COUNTIF($Q$10:Q16,Q16)-1 | T16: =MIN(1,8*Q16) | U16: =INDEX($AB$10:$AB$17,S16) | V16: =IF(U16<$D$4,"ROJO",IF(U16<$D$3,"AMARILLO","VERDE")) | W16: =(D16-E16)^2/(E16*(1-C16)) | Y16: 7 | Z16: =INDEX($Q$10:$Q$17,MATCH(Y16,$S$10:$S$17,0)) | AA16: =MIN(1,(8-Y16+1)*Z16) | AB16: =MAX(AB15,AA16)
A17: E | B17: 263 | C17: 0.2691 | D17: 64 | E17: =B17*C17 | F17: =D17/B17 | G17: =(D17-E17)/SQRT(E17*(1-C17)) | H17: =IF(D17=0,1,1-_xlfn.BINOM.DIST(D17-1,B17,C17,TRUE)) | I17: =_xlfn.BINOM.DIST(D17,B17,C17,TRUE) | J17: =MIN(1,2*MIN(H17,I17)) | K17: =2*(1-_xlfn.NORM.S.DIST(ABS(G17),TRUE)) | L17: =IF(E17<5,"np<5: no usar normal","ok") | M17: =_xlfn.BETA.DIST(C17,D17+0.5,B17-D17+0.5,TRUE) | N17: =IF(D17=0,0,_xlfn.BETA.INV((1-$D$6)/2,D17+0.5,B17-D17+0.5)) | O17: =IF(D17=B17,1,_xlfn.BETA.INV(1-(1-$D$6)/2,D17+0.5,B17-D17+0.5)) | P17: =IF(AND(C17>=N17,C17<=O17),"sí","NO") | Q17: =CHOOSE($D$5,H17,J17,K17,M17) | R17: =IF(Q17<$D$4,"ROJO",IF(Q17<$D$3,"AMARILLO","VERDE")) | S17: =_xlfn.RANK.EQ(Q17,$Q$10:$Q$17,1)+COUNTIF($Q$10:Q17,Q17)-1 | T17: =MIN(1,8*Q17) | U17: =INDEX($AB$10:$AB$17,S17) | V17: =IF(U17<$D$4,"ROJO",IF(U17<$D$3,"AMARILLO","VERDE")) | W17: =(D17-E17)^2/(E17*(1-C17)) | Y17: 8 | Z17: =INDEX($Q$10:$Q$17,MATCH(Y17,$S$10:$S$17,0)) | AA17: =MIN(1,(8-Y17+1)*Z17) | AB17: =MAX(AB16,AA17)
A18: GLOBAL | B18: =SUM(B10:B17) | C18: =SUMPRODUCT(B10:B17,C10:C17)/B18 | D18: =SUM(D10:D17) | E18: =B18*C18 | F18: =D18/B18 | G18: =(D18-E18)/SQRT(E18*(1-C18)) | H18: =IF(D18=0,1,1-_xlfn.BINOM.DIST(D18-1,B18,C18,TRUE)) | I18: =_xlfn.BINOM.DIST(D18,B18,C18,TRUE) | J18: =MIN(1,2*MIN(H18,I18)) | K18: =2*(1-_xlfn.NORM.S.DIST(ABS(G18),TRUE)) | L18: =IF(E18<5,"np<5: no usar normal","ok") | M18: =_xlfn.BETA.DIST(C18,D18+0.5,B18-D18+0.5,TRUE) | N18: =IF(D18=0,0,_xlfn.BETA.INV((1-$D$6)/2,D18+0.5,B18-D18+0.5)) | O18: =IF(D18=B18,1,_xlfn.BETA.INV(1-(1-$D$6)/2,D18+0.5,B18-D18+0.5)) | P18: =IF(AND(C18>=N18,C18<=O18),"sí","NO") | Q18: =CHOOSE($D$5,H18,J18,K18,M18) | R18: =IF(Q18<$D$4,"ROJO",IF(Q18<$D$3,"AMARILLO","VERDE"))
A20: Hosmer-Lemeshow sobre las 8 bandas | D20: =SUM(W10:W17)
A21: p χ² con 8 gl (validación externa: G gl) | D21: =_xlfn.CHISQ.DIST.RT(D20,8)
A22: p χ² con 6 gl (si las PD se ajustaron con estos datos: G−2) | D22: =_xlfn.CHISQ.DIST.RT(D20,6)
A23: Bandas con esperados < 5 (p χ² poco fiable si > 0) | D23: =COUNTIF(E10:E17,"<5")
A24: Bandas con malos > esperados (test de signos) | D24: =SUMPRODUCT(--(D10:D17>E10:E17))
A25: p test de signos (una cola, subestimación) | D25: =IF(D24=0,1,1-_xlfn.BINOM.DIST(D24-1,8,0.5,TRUE))
A26: Bandas amarillas / rojas (sin ajuste) | D26: =COUNTIF(R10:R17,"AMARILLO")&" / "&COUNTIF(R10:R17,"ROJO")
A27: Bandas amarillas / rojas (Holm) | D27: =COUNTIF(V10:V17,"AMARILLO")&" / "&COUNTIF(V10:V17,"ROJO")
A28: P(≥1 amarillo por azar) si 8 tests exactos al α amarillo | D28: =1-(1-$D$3)^8

Sheet HL_grupos
A1: Hosmer-Lemeshow sobre 10 grupos (viene con la lámina 24 de la clase 5: OOT de Banco Austral)
A2: PD media = esperados/n de la lámina con 6 decimales (la columna impresa de 4 decimales daría 28,9 en vez de 29,0).
A4: Grupo | B4: n | C4: PD media | D4: Observados | E4: Esperados | F4: Varianza E(1−PD) | G4: Aporte al χ² | H4: Esperados < 5
A5: 1 | B5: 201 | C5: 0.000527 | D5: 0 | E5: =B5*C5 | F5: =E5*(1-C5) | G5: =(D5-E5)^2/F5 | H5: =IF(E5<5,"sí","no")
A6: 2 | B6: 200 | C6: 0.001445 | D6: 0 | E6: =B6*C6 | F6: =E6*(1-C6) | G6: =(D6-E6)^2/F6 | H6: =IF(E6<5,"sí","no")
A7: 3 | B7: 200 | C7: 0.003205 | D7: 3 | E7: =B7*C7 | F7: =E7*(1-C7) | G7: =(D7-E7)^2/F7 | H7: =IF(E7<5,"sí","no")
A8: 4 | B8: 201 | C8: 0.006199 | D8: 2 | E8: =B8*C8 | F8: =E8*(1-C8) | G8: =(D8-E8)^2/F8 | H8: =IF(E8<5,"sí","no")
A9: 5 | B9: 200 | C9: 0.010955 | D9: 8 | E9: =B9*C9 | F9: =E9*(1-C9) | G9: =(D9-E9)^2/F9 | H9: =IF(E9<5,"sí","no")
A10: 6 | B10: 200 | C10: 0.01928 | D10: 7 | E10: =B10*C10 | F10: =E10*(1-C10) | G10: =(D10-E10)^2/F10 | H10: =IF(E10<5,"sí","no")
A11: 7 | B11: 201 | C11: 0.034025 | D11: 5 | E11: =B11*C11 | F11: =E11*(1-C11) | G11: =(D11-E11)^2/F11 | H11: =IF(E11<5,"sí","no")
A12: 8 | B12: 200 | C12: 0.062095 | D12: 11 | E12: =B12*C12 | F12: =E12*(1-C12) | G12: =(D12-E12)^2/F12 | H12: =IF(E12<5,"sí","no")
A13: 9 | B13: 200 | C13: 0.121145 | D13: 26 | E13: =B13*C13 | F13: =E13*(1-C13) | G13: =(D13-E13)^2/F13 | H13: =IF(E13<5,"sí","no")
A14: 10 | B14: 201 | C14: 0.305622 | D14: 57 | E14: =B14*C14 | F14: =E14*(1-C14) | G14: =(D14-E14)^2/F14 | H14: =IF(E14<5,"sí","no")
A16: HL (suma de aportes) | D16: =SUM(G5:G14)
A17: G (grupos) | D17: =COUNT(B5:B14)
A18: p χ² con G−2 gl (desarrollo; lo que usó el curso) | D18: =_xlfn.CHISQ.DIST.RT(D16,D17-2)
A19: p χ² con G gl (validación externa) | D19: =_xlfn.CHISQ.DIST.RT(D16,D17)
A20: Grupos con esperados < 5 | D20: =COUNTIF(E5:E14,"<5")
A21: Aporte de los 2 grupos que más aportan | D21: =LARGE(G5:G14,1)+LARGE(G5:G14,2)
A22: Lectura | D22: =IF(D20>0,"p χ² NO confiable: "&D20&" grupos con esperados<5 → usar p simulado (notebook M19 §5)","p χ² razonable")
A23: Referencia: p simulado del curso (PD individuales) | D23: 0.012

Sheet Potencia
A1: Potencia del binomial de una cola por banda
A3: α (una cola) | D3: 0.05
A4: Multiplicador m: PD verdadera = m × PD calibrada | D4: 2
A6: Banda | B6: n | C6: PD calibrada | D6: k crítico (rechaza si malos ≥ k) | E6: Tamaño real del test | F6: PD verdadera | G6: Potencia | H6: Malos observados | I6: ¿Rechaza hoy?
A7: =Bandas!A10 | B7: =Bandas!B10 | C7: =Bandas!C10 | D7: =_xlfn.BINOM.INV(B7,C7,1-$D$3)+1 | E7: =1-_xlfn.BINOM.DIST(D7-1,B7,C7,TRUE) | F7: =MIN(0.9999,$D$4*C7) | G7: =1-_xlfn.BINOM.DIST(D7-1,B7,F7,TRUE) | H7: =Bandas!D10 | I7: =IF(H7>=D7,"sí","no")
A8: =Bandas!A11 | B8: =Bandas!B11 | C8: =Bandas!C11 | D8: =_xlfn.BINOM.INV(B8,C8,1-$D$3)+1 | E8: =1-_xlfn.BINOM.DIST(D8-1,B8,C8,TRUE) | F8: =MIN(0.9999,$D$4*C8) | G8: =1-_xlfn.BINOM.DIST(D8-1,B8,F8,TRUE) | H8: =Bandas!D11 | I8: =IF(H8>=D8,"sí","no")
A9: =Bandas!A12 | B9: =Bandas!B12 | C9: =Bandas!C12 | D9: =_xlfn.BINOM.INV(B9,C9,1-$D$3)+1 | E9: =1-_xlfn.BINOM.DIST(D9-1,B9,C9,TRUE) | F9: =MIN(0.9999,$D$4*C9) | G9: =1-_xlfn.BINOM.DIST(D9-1,B9,F9,TRUE) | H9: =Bandas!D12 | I9: =IF(H9>=D9,"sí","no")
A10: =Bandas!A13 | B10: =Bandas!B13 | C10: =Bandas!C13 | D10: =_xlfn.BINOM.INV(B10,C10,1-$D$3)+1 | E10: =1-_xlfn.BINOM.DIST(D10-1,B10,C10,TRUE) | F10: =MIN(0.9999,$D$4*C10) | G10: =1-_xlfn.BINOM.DIST(D10-1,B10,F10,TRUE) | H10: =Bandas!D13 | I10: =IF(H10>=D10,"sí","no")
A11: =Bandas!A14 | B11: =Bandas!B14 | C11: =Bandas!C14 | D11: =_xlfn.BINOM.INV(B11,C11,1-$D$3)+1 | E11: =1-_xlfn.BINOM.DIST(D11-1,B11,C11,TRUE) | F11: =MIN(0.9999,$D$4*C11) | G11: =1-_xlfn.BINOM.DIST(D11-1,B11,F11,TRUE) | H11: =Bandas!D14 | I11: =IF(H11>=D11,"sí","no")
A12: =Bandas!A15 | B12: =Bandas!B15 | C12: =Bandas!C15 | D12: =_xlfn.BINOM.INV(B12,C12,1-$D$3)+1 | E12: =1-_xlfn.BINOM.DIST(D12-1,B12,C12,TRUE) | F12: =MIN(0.9999,$D$4*C12) | G12: =1-_xlfn.BINOM.DIST(D12-1,B12,F12,TRUE) | H12: =Bandas!D15 | I12: =IF(H12>=D12,"sí","no")
A13: =Bandas!A16 | B13: =Bandas!B16 | C13: =Bandas!C16 | D13: =_xlfn.BINOM.INV(B13,C13,1-$D$3)+1 | E13: =1-_xlfn.BINOM.DIST(D13-1,B13,C13,TRUE) | F13: =MIN(0.9999,$D$4*C13) | G13: =1-_xlfn.BINOM.DIST(D13-1,B13,F13,TRUE) | H13: =Bandas!D16 | I13: =IF(H13>=D13,"sí","no")
A14: =Bandas!A17 | B14: =Bandas!B17 | C14: =Bandas!C17 | D14: =_xlfn.BINOM.INV(B14,C14,1-$D$3)+1 | E14: =1-_xlfn.BINOM.DIST(D14-1,B14,C14,TRUE) | F14: =MIN(0.9999,$D$4*C14) | G14: =1-_xlfn.BINOM.DIST(D14-1,B14,F14,TRUE) | H14: =Bandas!D17 | I14: =IF(H14>=D14,"sí","no")
A16: Lectura: el tamaño real es < α por la discreción de la binomial. Una banda con potencia baja (p. ej. A1) no «valida» la PD cuando sale verde: no tenía cómo rechazar.

Sheet Correlacion
A1: p de una cola ajustado por correlación de defaults (modelo de un factor de Vasicek)
A2: P(D ≥ k) = ∫ P(Bin(n, p(z)) ≥ k) φ(z) dz, con p(z) = Φ((Φ⁻¹(PD) − √ρ·z)/√(1−ρ)). Trapecio sobre z ∈ [−8; 8], paso 0,1 (161 nodos).
A3: ρ (correlación de activos) | D3: 0.05
A4: Suma de pesos (control, debe ser 1) | D4: =SUM(B20:B180)
A6: Banda | B6: n | C6: PD | D6: Malos | E6: p una cola (indep.) | F6: p una cola ajustado | G6: Semáforo ajustado
A7: =Bandas!A10 | B7: =Bandas!B10 | C7: =Bandas!C10 | D7: =Bandas!D10 | E7: =Bandas!H10 | F7: =SUMPRODUCT($B$20:$B$180,C20:C180)/$D$4 | G7: =IF(F7<Bandas!$D$4,"ROJO",IF(F7<Bandas!$D$3,"AMARILLO","VERDE"))
A8: =Bandas!A11 | B8: =Bandas!B11 | C8: =Bandas!C11 | D8: =Bandas!D11 | E8: =Bandas!H11 | F8: =SUMPRODUCT($B$20:$B$180,D20:D180)/$D$4 | G8: =IF(F8<Bandas!$D$4,"ROJO",IF(F8<Bandas!$D$3,"AMARILLO","VERDE"))
A9: =Bandas!A12 | B9: =Bandas!B12 | C9: =Bandas!C12 | D9: =Bandas!D12 | E9: =Bandas!H12 | F9: =SUMPRODUCT($B$20:$B$180,E20:E180)/$D$4 | G9: =IF(F9<Bandas!$D$4,"ROJO",IF(F9<Bandas!$D$3,"AMARILLO","VERDE"))
A10: =Bandas!A13 | B10: =Bandas!B13 | C10: =Bandas!C13 | D10: =Bandas!D13 | E10: =Bandas!H13 | F10: =SUMPRODUCT($B$20:$B$180,F20:F180)/$D$4 | G10: =IF(F10<Bandas!$D$4,"ROJO",IF(F10<Bandas!$D$3,"AMARILLO","VERDE"))
A11: =Bandas!A14 | B11: =Bandas!B14 | C11: =Bandas!C14 | D11: =Bandas!D14 | E11: =Bandas!H14 | F11: =SUMPRODUCT($B$20:$B$180,G20:G180)/$D$4 | G11: =IF(F11<Bandas!$D$4,"ROJO",IF(F11<Bandas!$D$3,"AMARILLO","VERDE"))
A12: =Bandas!A15 | B12: =Bandas!B15 | C12: =Bandas!C15 | D12: =Bandas!D15 | E12: =Bandas!H15 | F12: =SUMPRODUCT($B$20:$B$180,H20:H180)/$D$4 | G12: =IF(F12<Bandas!$D$4,"ROJO",IF(F12<Bandas!$D$3,"AMARILLO","VERDE"))
A13: =Bandas!A16 | B13: =Bandas!B16 | C13: =Bandas!C16 | D13: =Bandas!D16 | E13: =Bandas!H16 | F13: =SUMPRODUCT($B$20:$B$180,I20:I180)/$D$4 | G13: =IF(F13<Bandas!$D$4,"ROJO",IF(F13<Bandas!$D$3,"AMARILLO","VERDE"))
A14: =Bandas!A17 | B14: =Bandas!B17 | C14: =Bandas!C17 | D14: =Bandas!D17 | E14: =Bandas!H17 | F14: =SUMPRODUCT($B$20:$B$180,J20:J180)/$D$4 | G14: =IF(F14<Bandas!$D$4,"ROJO",IF(F14<Bandas!$D$3,"AMARILLO","VERDE"))
A16: Lectura: el ajuste no absuelve al modelo; dice que un año malo (factor común) puede producir esa desviación. Si la PD es PIT, el ρ relevante es el residual (menor). Ver M19 §3.4.
A19: z | B19: peso trapecio | C19: =A7 | D19: =A8 | E19: =A9 | F19: =A10 | G19: =A11 | H19: =A12 | I19: =A13 | J19: =A14
A20: -8 | B20: =0.5*0.1*EXP(-(A20^2)/2)/SQRT(2*PI()) | C20: =IF($D$7=0,1,1-_xlfn.BINOM.DIST($D$7-1,$B$7,_xlfn.NORM.S.DIST((_xlfn.NORM.S.INV($C$7)-SQRT($D$3)*$A20)/SQRT(1-$D$3),TRUE),TRUE)) | D20: =IF($D$8=0,1,1-_xlfn.BINOM.DIST($D$8-1,$B$8,_xlfn.NORM.S.DIST((_xlfn.NORM.S.INV($C$8)-SQRT($D$3)*$A20)/SQRT(1-$D$3),TRUE),TRUE)) | E20: =IF($D$9=0,1,1-_xlfn.BINOM.DIST($D$9-1,$B$9,_xlfn.NORM.S.DIST((_xlfn.NORM.S.INV($C$9)-SQRT($D$3)*$A20)/SQRT(1-$D$3),TRUE),TRUE)) | F20: =IF($D$10=0,1,1-_xlfn.BINOM.DIST($D$10-1,$B$10,_xlfn.NORM.S.DIST((_xlfn.NORM.S.INV($C$10)-SQRT($D$3)*$A20)/SQRT(1-$D$3),TRUE),TRUE)) | G20: =IF($D$11=0,1,1-_xlfn.BINOM.DIST($D$11-1,$B$11,_xlfn.NORM.S.DIST((_xlfn.NORM.S.INV($C$11)-SQRT($D$3)*$A20)/SQRT(1-$D$3),TRUE),TRUE)) | H20: =IF($D$12=0,1,1-_xlfn.BINOM.DIST($D$12-1,$B$12,_xlfn.NORM.S.DIST((_xlfn.NORM.S.INV($C$12)-SQRT($D$3)*$A20)/SQRT(1-$D$3),TRUE),TRUE)) | I20: =IF($D$13=0,1,1-_xlfn.BINOM.DIST($D$13-1,$B$13,_xlfn.NORM.S.DIST((_xlfn.NORM.S.INV($C$13)-SQRT($D$3)*$A20)/SQRT(1-$D$3),TRUE),TRUE)) | J20: =IF($D$14=0,1,1-_xlfn.BINOM.DIST($D$14-1,$B$14,_xlfn.NORM.S.DIST((_xlfn.NORM.S.INV($C$14)-SQRT($D$3)*$A20)/SQRT(1-$D$3),TRUE),TRUE))
A21: -7.9 | B21: =1.0*0.1*EXP(-(A21^2)/2)/SQRT(2*PI()) | C21: =IF($D$7=0,1,1-_xlfn.BINOM.DIST($D$7-1,$B$7,_xlfn.NORM.S.DIST((_xlfn.NORM.S.INV($C$7)-SQRT($D$3)*$A21)/SQRT(1-$D$3),TRUE),TRUE)) | D21: =IF($D$8=0,1,1-_xlfn.BINOM.DIST($D$8-1,$B$8,_xlfn.NORM.S.DIST((_xlfn.NORM.S.INV($C$8)-SQRT($D$3)*$A21)/SQRT(1-$D$3),TRUE),TRUE)) | E21: =IF($D$9=0,1,1-_xlfn.BINOM.DIST($D$9-1,$B$9,_xlfn.NORM.S.DIST((_xlfn.NORM.S.INV($C$9)-SQRT($D$3)*$A21)/SQRT(1-$D$3),TRUE),TRUE)) | F21: =IF($D$10=0,1,1-_xlfn.BINOM.DIST($D$10-1,$B$10,_xlfn.NORM.S.DIST((_xlfn.NORM.S.INV($C$10)-SQRT($D$3)*$A21)/SQRT(1-$D$3),TRUE),TRUE)) | G21: =IF($D$11=0,1,1-_xlfn.BINOM.DIST($D$11-1,$B$11,_xlfn.NORM.S.DIST((_xlfn.NORM.S.INV($C$11)-SQRT($D$3)*$A21)/SQRT(1-$D$3),TRUE),TRUE)) | H21: =IF($D$12=0,1,1-_xlfn.BINOM.DIST($D$12-1,$B$12,_xlfn.NORM.S.DIST((_xlfn.NORM.S.INV($C$12)-SQRT($D$3)*$A21)/SQRT(1-$D$3),TRUE),TRUE)) | I21: =IF($D$13=0,1,1-_xlfn.BINOM.DIST($D$13-1,$B$13,_xlfn.NORM.S.DIST((_xlfn.NORM.S.INV($C$13)-SQRT($D$3)*$A21)/SQRT(1-$D$3),TRUE),TRUE)) | J21: =IF($D$14=0,1,1-_xlfn.BINOM.DIST($D$14-1,$B$14,_xlfn.NORM.S.DIST((_xlfn.NORM.S.INV($C$14)-SQRT($D$3)*$A21)/SQRT(1-$D$3),TRUE),TRUE))
A22: -7.8 | B22: =1.0*0.1*EXP(-(A22^2)/2)/SQRT(2*PI()) | C22: =IF($D$7=0,1,1-_xlfn.BINOM.DIST($D$7-1,$B$7,_xlfn.NORM.S.DIST((_xlfn.NORM.S.INV($C$7)-SQRT($D$3)*$A22)/SQRT(1-$D$3),TRUE),TRUE)) | D22: =IF($D$8=0,1,1-_xlfn.BINOM.DIST($D$8-1,$B$8,_xlfn.NORM.S.DIST((_xlfn.NORM.S.INV($C$8)-SQRT($D$3)*$A22)/SQRT(1-$D$3),TRUE),TRUE)) | E22: =IF($D$9=0,1,1-_xlfn.BINOM.DIST($D$9-1,$B$9,_xlfn.NORM.S.DIST((_xlfn.NORM.S.INV($C$9)-SQRT($D$3)*$A22)/SQRT(1-$D$3),TRUE),TRUE)) | F22: =IF($D$10=0,1,1-_xlfn.BINOM.DIST($D$10-1,$B$10,_xlfn.NORM.S.DIST((_xlfn.NORM.S.INV($C$10)-SQRT($D$3)*$A22)/SQRT(1-$D$3),TRUE),TRUE)) | G22: =IF($D$11=0,1,1-_xlfn.BINOM.DIST($D$11-1,$B$11,_xlfn.NORM.S.DIST((_xlfn.NORM.S.INV($C$11)-SQRT($D$3)*$A22)/SQRT(1-$D$3),TRUE),TRUE)) | H22: =IF($D$12=0,1,1-_xlfn.BINOM.DIST($D$12-1,$B$12,_xlfn.NORM.S.DIST((_xlfn.NORM.S.INV($C$12)-SQRT($D$3)*$A22)/SQRT(1-$D$3),TRUE),TRUE)) | I22: =IF($D$13=0,1,1-_xlfn.BINOM.DIST($D$13-1,$B$13,_xlfn.NORM.S.DIST((_xlfn.NORM.S.INV($C$13)-SQRT($D$3)*$A22)/SQRT(1-$D$3),TRUE),TRUE)) | J22: =IF($D$14=0,1,1-_xlfn.BINOM.DIST($D$14-1,$B$14,_xlfn.NORM.S.DIST((_xlfn.NORM.S.INV($C$14)-SQRT($D$3)*$A22)/SQRT(1-$D$3),TRUE),TRUE))
A23: -7.7 | B23: =1.0*0.1*EXP(-(A23^2)/2)/SQRT(2*PI()) | C23: =IF($D$7=0,1,1-_xlfn.BINOM.DIST($D$7-1,$B$7,_xlfn.NORM.S.DIST((_xlfn.NORM.S.INV($C$7)-SQRT($D$3)*$A23)/SQRT(1-$D$3),TRUE),TRUE)) | D23: =IF($D$8=0,1,1-_xlfn.BINOM.DIST($D$8-1,$B$8,_xlfn.NORM.S.DIST((_xlfn.NORM.S.INV($C$8)-SQRT($D$3)*$A23)/SQRT(1-$D$3),TRUE),TRUE)) | E23: =IF($D$9=0,1,1-_xlfn.BINOM.DIST($D$9-1,$B$9,_xlfn.NORM.S.DIST((_xlfn.NORM.S.INV($C$9)-SQRT($D$3)*$A23)/SQRT(1-$D$3),TRUE),TRUE)) | F23: =IF($D$10=0,1,1-_xlfn.BINOM.DIST($D$10-1,$B$10,_xlfn.NORM.S.DIST((_xlfn.NORM.S.INV($C$10)-SQRT($D$3)*$A23)/SQRT(1-$D$3),TRUE),TRUE)) | G23: =IF($D$11=0,1,1-_xlfn.BINOM.DIST($D$11-1,$B$11,_xlfn.NORM.S.DIST((_xlfn.NORM.S.INV($C$11)-SQRT($D$3)*$A23)/SQRT(1-$D$3),TRUE),TRUE)) | H23: =IF($D$12=0,1,1-_xlfn.BINOM.DIST($D$12-1,$B$12,_xlfn.NORM.S.DIST((_xlfn.NORM.S.INV($C$12)-SQRT($D$3)*$A23)/SQRT(1-$D$3),TRUE),TRUE)) | I23: =IF($D$13=0,1,1-_xlfn.BINOM.DIST($D$13-1,$B$13,_xlfn.NORM.S.DIST((_xlfn.NORM.S.INV($C$13)-SQRT($D$3)*$A23)/SQRT(1-$D$3),TRUE),TRUE)) | J23: =IF($D$14=0,1,1-_xlfn.BINOM.DIST($D$14-1,$B$14,_xlfn.NORM.S.DIST((_xlfn.NORM.S.INV($C$14)-SQRT($D$3)*$A23)/SQRT(1-$D$3),TRUE),TRUE))
A24: -7.6 | B24: =1.0*0.1*EXP(-(A24^2)/2)/SQRT(2*PI()) | C24: =IF($D$7=0,1,1-_xlfn.BINOM.DIST($D$7-1,$B$7,_xlfn.NORM.S.DIST((_xlfn.NORM.S.INV($C$7)-SQRT($D$3)*$A24)/SQRT(1-$D$3),TRUE),TRUE)) | D24: =IF($D$8=0,1,1-_xlfn.BINOM.DIST($D$8-1,$B$8,_xlfn.NORM.S.DIST((_xlfn.NORM.S.INV($C$8)-SQRT($D$3)*$A24)/SQRT(1-$D$3),TRUE),TRUE)) | E24: =IF($D$9=0,1,1-_xlfn.BINOM.DIST($D$9-1,$B$9,_xlfn.NORM.S.DIST((_xlfn.NORM.S.INV($C$9)-SQRT($D$3)*$A24)/SQRT(1-$D$3),TRUE),TRUE)) | F24: =IF($D$10=0,1,1-_xlfn.BINOM.DIST($D$10-1,$B$10,_xlfn.NORM.S.DIST((_xlfn.NORM.S.INV($C$10)-SQRT($D$3)*$A24)/SQRT(1-$D$3),TRUE),TRUE)) | G24: =IF($D$11=0,1,1-_xlfn.BINOM.DIST($D$11-1,$B$11,_xlfn.NORM.S.DIST((_xlfn.NORM.S.INV($C$11)-SQRT($D$3)*$A24)/SQRT(1-$D$3),TRUE),TRUE)) | H24: =IF($D$12=0,1,1-_xlfn.BINOM.DIST($D$12-1,$B$12,_xlfn.NORM.S.DIST((_xlfn.NORM.S.INV($C$12)-SQRT($D$3)*$A24)/SQRT(1-$D$3),TRUE),TRUE)) | I24: =IF($D$13=0,1,1-_xlfn.BINOM.DIST($D$13-1,$B$13,_xlfn.NORM.S.DIST((_xlfn.NORM.S.INV($C$13)-SQRT($D$3)*$A24)/SQRT(1-$D$3),TRUE),TRUE)) | J24: =IF($D$14=0,1,1-_xlfn.BINOM.DIST($D$14-1,$B$14,_xlfn.NORM.S.DIST((_xlfn.NORM.S.INV($C$14)-SQRT($D$3)*$A24)/SQRT(1-$D$3),TRUE),TRUE))
A25: -7.5 | B25: =1.0*0.1*EXP(-(A25^2)/2)/SQRT(2*PI()) | C25: =IF($D$7=0,1,1-_xlfn.BINOM.DIST($D$7-1,$B$7,_xlfn.NORM.S.DIST((_xlfn.NORM.S.INV($C$7)-SQRT($D$3)*$A25)/SQRT(1-$D$3),TRUE),TRUE)) | D25: =IF($D$8=0,1,1-_xlfn.BINOM.DIST($D$8-1,$B$8,_xlfn.NORM.S.DIST((_xlfn.NORM.S.INV($C$8)-SQRT($D$3)*$A25)/SQRT(1-$D$3),TRUE),TRUE)) | E25: =IF($D$9=0,1,1-_xlfn.BINOM.DIST($D$9-1,$B$9,_xlfn.NORM.S.DIST((_xlfn.NORM.S.INV($C$9)-SQRT($D$3)*$A25)/SQRT(1-$D$3),TRUE),TRUE)) | F25: =IF($D$10=0,1,1-_xlfn.BINOM.DIST($D$10-1,$B$10,_xlfn.NORM.S.DIST((_xlfn.NORM.S.INV($C$10)-SQRT($D$3)*$A25)/SQRT(1-$D$3),TRUE),TRUE)) | G25: =IF($D$11=0,1,1-_xlfn.BINOM.DIST($D$11-1,$B$11,_xlfn.NORM.S.DIST((_xlfn.NORM.S.INV($C$11)-SQRT($D$3)*$A25)/SQRT(1-$D$3),TRUE),TRUE)) | H25: =IF($D$12=0,1,1-_xlfn.BINOM.DIST($D$12-1,$B$12,_xlfn.NORM.S.DIST((_xlfn.NORM.S.INV($C$12)-SQRT($D$3)*$A25)/SQRT(1-$D$3),TRUE),TRUE)) | I25: =IF($D$13=0,1,1-_xlfn.BINOM.DIST($D$13-1,$B$13,_xlfn.NORM.S.DIST((_xlfn.NORM.S.INV($C$13)-SQRT($D$3)*$A25)/SQRT(1-$D$3),TRUE),TRUE)) | J25: =IF($D$14=0,1,1-_xlfn.BINOM.DIST($D$14-1,$B$14,_xlfn.NORM.S.DIST((_xlfn.NORM.S.INV($C$14)-SQRT($D$3)*$A25)/SQRT(1-$D$3),TRUE),TRUE))
A26: -7.4 | B26: =1.0*0.1*EXP(-(A26^2)/2)/SQRT(2*PI()) | C26: =IF($D$7=0,1,1-_xlfn.BINOM.DIST($D$7-1,$B$7,_xlfn.NORM.S.DIST((_xlfn.NORM.S.INV($C$7)-SQRT($D$3)*$A26)/SQRT(1-$D$3),TRUE),TRUE)) | D26: =IF($D$8=0,1,1-_xlfn.BINOM.DIST($D$8-1,$B$8,_xlfn.NORM.S.DIST((_xlfn.NORM.S.INV($C$8)-SQRT($D$3)*$A26)/SQRT(1-$D$3),TRUE),TRUE)) | E26: =IF($D$9=0,1,1-_xlfn.BINOM.DIST($D$9-1,$B$9,_xlfn.NORM.S.DIST((_xlfn.NORM.S.INV($C$9)-SQRT($D$3)*$A26)/SQRT(1-$D$3),TRUE),TRUE)) | F26: =IF($D$10=0,1,1-_xlfn.BINOM.DIST($D$10-1,$B$10,_xlfn.NORM.S.DIST((_xlfn.NORM.S.INV($C$10)-SQRT($D$3)*$A26)/SQRT(1-$D$3),TRUE),TRUE)) | G26: =IF($D$11=0,1,1-_xlfn.BINOM.DIST($D$11-1,$B$11,_xlfn.NORM.S.DIST((_xlfn.NORM.S.INV($C$11)-SQRT($D$3)*$A26)/SQRT(1-$D$3),TRUE),TRUE)) | H26: =IF($D$12=0,1,1-_xlfn.BINOM.DIST($D$12-1,$B$12,_xlfn.NORM.S.DIST((_xlfn.NORM.S.INV($C$12)-SQRT($D$3)*$A26)/SQRT(1-$D$3),TRUE),TRUE)) | I26: =IF($D$13=0,1,1-_xlfn.BINOM.DIST($D$13-1,$B$13,_xlfn.NORM.S.DIST((_xlfn.NORM.S.INV($C$13)-SQRT($D$3)*$A26)/SQRT(1-$D$3),TRUE),TRUE)) | J26: =IF($D$14=0,1,1-_xlfn.BINOM.DIST($D$14-1,$B$14,_xlfn.NORM.S.DIST((_xlfn.NORM.S.INV($C$14)-SQRT($D$3)*$A26)/SQRT(1-$D$3),TRUE),TRUE))
A27: -7.3 | B27: =1.0*0.1*EXP(-(A27^2)/2)/SQRT(2*PI()) | C27: =IF($D$7=0,1,1-_xlfn.BINOM.DIST($D$7-1,$B$7,_xlfn.NORM.S.DIST((_xlfn.NORM.S.INV($C$7)-SQRT($D$3)*$A27)/SQRT(1-$D$3),TRUE),TRUE)) | D27: =IF($D$8=0,1,1-_xlfn.BINOM.DIST($D$8-1,$B$8,_xlfn.NORM.S.DIST((_xlfn.NORM.S.INV($C$8)-SQRT($D$3)*$A27)/SQRT(1-$D$3),TRUE),TRUE)) | E27: =IF($D$9=0,1,1-_xlfn.BINOM.DIST($D$9-1,$B$9,_xlfn.NORM.S.DIST((_xlfn.NORM.S.INV($C$9)-SQRT($D$3)*$A27)/SQRT(1-$D$3),TRUE),TRUE)) | F27: =IF($D$10=0,1,1-_xlfn.BINOM.DIST($D$10-1,$B$10,_xlfn.NORM.S.DIST((_xlfn.NORM.S.INV($C$10)-SQRT($D$3)*$A27)/SQRT(1-$D$3),TRUE),TRUE)) | G27: =IF($D$11=0,1,1-_xlfn.BINOM.DIST($D$11-1,$B$11,_xlfn.NORM.S.DIST((_xlfn.NORM.S.INV($C$11)-SQRT($D$3)*$A27)/SQRT(1-$D$3),TRUE),TRUE)) | H27: =IF($D$12=0,1,1-_xlfn.BINOM.DIST($D$12-1,$B$12,_xlfn.NORM.S.DIST((_xlfn.NORM.S.INV($C$12)-SQRT($D$3)*$A27)/SQRT(1-$D$3),TRUE),TRUE)) | I27: =IF($D$13=0,1,1-_xlfn.BINOM.DIST($D$13-1,$B$13,_xlfn.NORM.S.DIST((_xlfn.NORM.S.INV($C$13)-SQRT($D$3)*$A27)/SQRT(1-$D$3),TRUE),TRUE)) | J27: =IF($D$14=0,1,1-_xlfn.BINOM.DIST($D$14-1,$B$14,_xlfn.NORM.S.DIST((_xlfn.NORM.S.INV($C$14)-SQRT($D$3)*$A27)/SQRT(1-$D$3),TRUE),TRUE))
A28: -7.2 | B28: =1.0*0.1*EXP(-(A28^2)/2)/SQRT(2*PI()) | C28: =IF($D$7=0,1,1-_xlfn.BINOM.DIST($D$7-1,$B$7,_xlfn.NORM.S.DIST((_xlfn.NORM.S.INV($C$7)-SQRT($D$3)*$A28)/SQRT(1-$D$3),TRUE),TRUE)) | D28: =IF($D$8=0,1,1-_xlfn.BINOM.DIST($D$8-1,$B$8,_xlfn.NORM.S.DIST((_xlfn.NORM.S.INV($C$8)-SQRT($D$3)*$A28)/SQRT(1-$D$3),TRUE),TRUE)) | E28: =IF($D$9=0,1,1-_xlfn.BINOM.DIST($D$9-1,$B$9,_xlfn.NORM.S.DIST((_xlfn.NORM.S.INV($C$9)-SQRT($D$3)*$A28)/SQRT(1-$D$3),TRUE),TRUE)) | F28: =IF($D$10=0,1,1-_xlfn.BINOM.DIST($D$10-1,$B$10,_xlfn.NORM.S.DIST((_xlfn.NORM.S.INV($C$10)-SQRT($D$3)*$A28)/SQRT(1-$D$3),TRUE),TRUE)) | G28: =IF($D$11=0,1,1-_xlfn.BINOM.DIST($D$11-1,$B$11,_xlfn.NORM.S.DIST((_xlfn.NORM.S.INV($C$11)-SQRT($D$3)*$A28)/SQRT(1-$D$3),TRUE),TRUE)) | H28: =IF($D$12=0,1,1-_xlfn.BINOM.DIST($D$12-1,$B$12,_xlfn.NORM.S.DIST((_xlfn.NORM.S.INV($C$12)-SQRT($D$3)*$A28)/SQRT(1-$D$3),TRUE),TRUE)) | I28: =IF($D$13=0,1,1-_xlfn.BINOM.DIST($D$13-1,$B$13,_xlfn.NORM.S.DIST((_xlfn.NORM.S.INV($C$13)-SQRT($D$3)*$A28)/SQRT(1-$D$3),TRUE),TRUE)) | J28: =IF($D$14=0,1,1-_xlfn.BINOM.DIST($D$14-1,$B$14,_xlfn.NORM.S.DIST((_xlfn.NORM.S.INV($C$14)-SQRT($D$3)*$A28)/SQRT(1-$D$3),TRUE),TRUE))
A29: -7.1 | B29: =1.0*0.1*EXP(-(A29^2)/2)/SQRT(2*PI()) | C29: =IF($D$7=0,1,1-_xlfn.BINOM.DIST($D$7-1,$B$7,_xlfn.NORM.S.DIST((_xlfn.NORM.S.INV($C$7)-SQRT($D$3)*$A29)/SQRT(1-$D$3),TRUE),TRUE)) | D29: =IF($D$8=0,1,1-_xlfn.BINOM.DIST($D$8-1,$B$8,_xlfn.NORM.S.DIST((_xlfn.NORM.S.INV($C$8)-SQRT($D$3)*$A29)/SQRT(1-$D$3),TRUE),TRUE)) | E29: =IF($D$9=0,1,1-_xlfn.BINOM.DIST($D$9-1,$B$9,_xlfn.NORM.S.DIST((_xlfn.NORM.S.INV($C$9)-SQRT($D$3)*$A29)/SQRT(1-$D$3),TRUE),TRUE)) | F29: =IF($D$10=0,1,1-_xlfn.BINOM.DIST($D$10-1,$B$10,_xlfn.NORM.S.DIST((_xlfn.NORM.S.INV($C$10)-SQRT($D$3)*$A29)/SQRT(1-$D$3),TRUE),TRUE)) | G29: =IF($D$11=0,1,1-_xlfn.BINOM.DIST($D$11-1,$B$11,_xlfn.NORM.S.DIST((_xlfn.NORM.S.INV($C$11)-SQRT($D$3)*$A29)/SQRT(1-$D$3),TRUE),TRUE)) | H29: =IF($D$12=0,1,1-_xlfn.BINOM.DIST($D$12-1,$B$12,_xlfn.NORM.S.DIST((_xlfn.NORM.S.INV($C$12)-SQRT($D$3)*$A29)/SQRT(1-$D$3),TRUE),TRUE)) | I29: =IF($D$13=0,1,1-_xlfn.BINOM.DIST($D$13-1,$B$13,_xlfn.NORM.S.DIST((_xlfn.NORM.S.INV($C$13)-SQRT($D$3)*$A29)/SQRT(1-$D$3),TRUE),TRUE)) | J29: =IF($D$14=0,1,1-_xlfn.BINOM.DIST($D$14-1,$B$14,_xlfn.NORM.S.DIST((_xlfn.NORM.S.INV($C$14)-SQRT($D$3)*$A29)/SQRT(1-$D$3),TRUE),TRUE))
A30: -7 | B30: =1.0*0.1*EXP(-(A30^2)/2)/SQRT(2*PI()) | C30: =IF($D$7=0,1,1-_xlfn.BINOM.DIST($D$7-1,$B$7,_xlfn.NORM.S.DIST((_xlfn.NORM.S.INV($C$7)-SQRT($D$3)*$A30)/SQRT(1-$D$3),TRUE),TRUE)) | D30: =IF($D$8=0,1,1-_xlfn.BINOM.DIST($D$8-1,$B$8,_xlfn.NORM.S.DIST((_xlfn.NORM.S.INV($C$8)-SQRT($D$3)*$A30)/SQRT(1-$D$3),TRUE),TRUE)) | E30: =IF($D$9=0,1,1-_xlfn.BINOM.DIST($D$9-1,$B$9,_xlfn.NORM.S.DIST((_xlfn.NORM.S.INV($C$9)-SQRT($D$3)*$A30)/SQRT(1-$D$3),TRUE),TRUE)) | F30: =IF($D$10=0,1,1-_xlfn.BINOM.DIST($D$10-1,$B$10,_xlfn.NORM.S.DIST((_xlfn.NORM.S.INV($C$10)-SQRT($D$3)*$A30)/SQRT(1-$D$3),TRUE),TRUE)) | G30: =IF($D$11=0,1,1-_xlfn.BINOM.DIST($D$11-1,$B$11,_xlfn.NORM.S.DIST((_xlfn.NORM.S.INV($C$11)-SQRT($D$3)*$A30)/SQRT(1-$D$3),TRUE),TRUE)) | H30: =IF($D$12=0,1,1-_xlfn.BINOM.DIST($D$12-1,$B$12,_xlfn.NORM.S.DIST((_xlfn.NORM.S.INV($C$12)-SQRT($D$3)*$A30)/SQRT(1-$D$3),TRUE),TRUE)) | I30: =IF($D$13=0,1,1-_xlfn.BINOM.DIST($D$13-1,$B$13,_xlfn.NORM.S.DIST((_xlfn.NORM.S.INV($C$13)-SQRT($D$3)*$A30)/SQRT(1-$D$3),TRUE),TRUE)) | J30: =IF($D$14=0,1,1-_xlfn.BINOM.DIST($D$14-1,$B$14,_xlfn.NORM.S.DIST((_xlfn.NORM.S.INV($C$14)-SQRT($D$3)*$A30)/SQRT(1-$D$3),TRUE),TRUE))
A31: -6.9 | B31: =1.0*0.1*EXP(-(A31^2)/2)/SQRT(2*PI()) | C31: =IF($D$7=0,1,1-_xlfn.BINOM.DIST($D$7-1,$B$7,_xlfn.NORM.S.DIST((_xlfn.NORM.S.INV($C$7)-SQRT($D$3)*$A31)/SQRT(1-$D$3),TRUE),TRUE)) | D31: =IF($D$8=0,1,1-_xlfn.BINOM.DIST($D$8-1,$B$8,_xlfn.NORM.S.DIST((_xlfn.NORM.S.INV($C$8)-SQRT($D$3)*$A31)/SQRT(1-$D$3),TRUE),TRUE)) | E31: =IF($D$9=0,1,1-_xlfn.BINOM.DIST($D$9-1,$B$9,_xlfn.NORM.S.DIST((_xlfn.NORM.S.INV($C$9)-SQRT($D$3)*$A31)/SQRT(1-$D$3),TRUE),TRUE)) | F31: =IF($D$10=0,1,1-_xlfn.BINOM.DIST($D$10-1,$B$10,_xlfn.NORM.S.DIST((_xlfn.NORM.S.INV($C$10)-SQRT($D$3)*$A31)/SQRT(1-$D$3),TRUE),TRUE)) | G31: =IF($D$11=0,1,1-_xlfn.BINOM.DIST($D$11-1,$B$11,_xlfn.NORM.S.DIST((_xlfn.NORM.S.INV($C$11)-SQRT($D$3)*$A31)/SQRT(1-$D$3),TRUE),TRUE)) | H31: =IF($D$12=0,1,1-_xlfn.BINOM.DIST($D$12-1,$B$12,_xlfn.NORM.S.DIST((_xlfn.NORM.S.INV($C$12)-SQRT($D$3)*$A31)/SQRT(1-$D$3),TRUE),TRUE)) | I31: =IF($D$13=0,1,1-_xlfn.BINOM.DIST($D$13-1,$B$13,_xlfn.NORM.S.DIST((_xlfn.NORM.S.INV($C$13)-SQRT($D$3)*$A31)/SQRT(1-$D$3),TRUE),TRUE)) | J31: =IF($D$14=0,1,1-_xlfn.BINOM.DIST($D$14-1,$B$14,_xlfn.NORM.S.DIST((_xlfn.NORM.S.INV($C$14)-SQRT($D$3)*$A31)/SQRT(1-$D$3),TRUE),TRUE))
A32: -6.8 | B32: =1.0*0.1*EXP(-(A32^2)/2)/SQRT(2*PI()) | C32: =IF($D$7=0,1,1-_xlfn.BINOM.DIST($D$7-1,$B$7,_xlfn.NORM.S.DIST((_xlfn.NORM.S.INV($C$7)-SQRT($D$3)*$A32)/SQRT(1-$D$3),TRUE),TRUE)) | D32: =IF($D$8=0,1,1-_xlfn.BINOM.DIST($D$8-1,$B$8,_xlfn.NORM.S.DIST((_xlfn.NORM.S.INV($C$8)-SQRT($D$3)*$A32)/SQRT(1-$D$3),TRUE),TRUE)) | E32: =IF($D$9=0,1,1-_xlfn.BINOM.DIST($D$9-1,$B$9,_xlfn.NORM.S.DIST((_xlfn.NORM.S.INV($C$9)-SQRT($D$3)*$A32)/SQRT(1-$D$3),TRUE),TRUE)) | F32: =IF($D$10=0,1,1-_xlfn.BINOM.DIST($D$10-1,$B$10,_xlfn.NORM.S.DIST((_xlfn.NORM.S.INV($C$10)-SQRT($D$3)*$A32)/SQRT(1-$D$3),TRUE),TRUE)) | G32: =IF($D$11=0,1,1-_xlfn.BINOM.DIST($D$11-1,$B$11,_xlfn.NORM.S.DIST((_xlfn.NORM.S.INV($C$11)-SQRT($D$3)*$A32)/SQRT(1-$D$3),TRUE),TRUE)) | H32: =IF($D$12=0,1,1-_xlfn.BINOM.DIST($D$12-1,$B$12,_xlfn.NORM.S.DIST((_xlfn.NORM.S.INV($C$12)-SQRT($D$3)*$A32)/SQRT(1-$D$3),TRUE),TRUE)) | I32: =IF($D$13=0,1,1-_xlfn.BINOM.DIST($D$13-1,$B$13,_xlfn.NORM.S.DIST((_xlfn.NORM.S.INV($C$13)-SQRT($D$3)*$A32)/SQRT(1-$D$3),TRUE),TRUE)) | J32: =IF($D$14=0,1,1-_xlfn.BINOM.DIST($D$14-1,$B$14,_xlfn.NORM.S.DIST((_xlfn.NORM.S.INV($C$14)-SQRT($D$3)*$A32)/SQRT(1-$D$3),TRUE),TRUE))
... A179: 7.9 | B179: =1.0*0.1*EXP(-(A179^2)/2)/SQRT(2*PI()) | C179: =IF($D$7=0,1,1-_xlfn.BINOM.DIST($D$7-1,$B$7,_xlfn.NORM.S.DIST((_xlfn.NORM.S.INV($C$7)-SQRT($D$3)*$A179)/SQRT(1-$D$3),TRUE),TRUE)) | D179: =IF($D$8=0,1,1-_xlfn.BINOM.DIST($D$8-1,$B$8,_xlfn.NORM.S.DIST((_xlfn.NORM.S.INV($C$8)-SQRT($D$3)*$A179)/SQRT(1-$D$3),TRUE),TRUE)) | E179: =IF($D$9=0,1,1-_xlfn.BINOM.DIST($D$9-1,$B$9,_xlfn.NORM.S.DIST((_xlfn.NORM.S.INV($C$9)-SQRT($D$3)*$A179)/SQRT(1-$D$3),TRUE),TRUE)) | F179: =IF($D$10=0,1,1-_xlfn.BINOM.DIST($D$10-1,$B$10,_xlfn.NORM.S.DIST((_xlfn.NORM.S.INV($C$10)-SQRT($D$3)*$A179)/SQRT(1-$D$3),TRUE),TRUE)) | G179: =IF($D$11=0,1,1-_xlfn.BINOM.DIST($D$11-1,$B$11,_xlfn.NORM.S.DIST((_xlfn.NORM.S.INV($C$11)-SQRT($D$3)*$A179)/SQRT(1-$D$3),TRUE),TRUE)) | H179: =IF($D$12=0,1,1-_xlfn.BINOM.DIST($D$12-1,$B$12,_xlfn.NORM.S.DIST((_xlfn.NORM.S.INV($C$12)-SQRT($D$3)*$A179)/SQRT(1-$D$3),TRUE),TRUE)) | I179: =IF($D$13=0,1,1-_xlfn.BINOM.DIST($D$13-1,$B$13,_xlfn.NORM.S.DIST((_xlfn.NORM.S.INV($C$13)-SQRT($D$3)*$A179)/SQRT(1-$D$3),TRUE),TRUE)) | J179: =IF($D$14=0,1,1-_xlfn.BINOM.DIST($D$14-1,$B$14,_xlfn.NORM.S.DIST((_xlfn.NORM.S.INV($C$14)-SQRT($D$3)*$A179)/SQRT(1-$D$3),TRUE),TRUE))
A180: 8 | B180: =0.5*0.1*EXP(-(A180^2)/2)/SQRT(2*PI()) | C180: =IF($D$7=0,1,1-_xlfn.BINOM.DIST($D$7-1,$B$7,_xlfn.NORM.S.DIST((_xlfn.NORM.S.INV($C$7)-SQRT($D$3)*$A180)/SQRT(1-$D$3),TRUE),TRUE)) | D180: =IF($D$8=0,1,1-_xlfn.BINOM.DIST($D$8-1,$B$8,_xlfn.NORM.S.DIST((_xlfn.NORM.S.INV($C$8)-SQRT($D$3)*$A180)/SQRT(1-$D$3),TRUE),TRUE)) | E180: =IF($D$9=0,1,1-_xlfn.BINOM.DIST($D$9-1,$B$9,_xlfn.NORM.S.DIST((_xlfn.NORM.S.INV($C$9)-SQRT($D$3)*$A180)/SQRT(1-$D$3),TRUE),TRUE)) | F180: =IF($D$10=0,1,1-_xlfn.BINOM.DIST($D$10-1,$B$10,_xlfn.NORM.S.DIST((_xlfn.NORM.S.INV($C$10)-SQRT($D$3)*$A180)/SQRT(1-$D$3),TRUE),TRUE)) | G180: =IF($D$11=0,1,1-_xlfn.BINOM.DIST($D$11-1,$B$11,_xlfn.NORM.S.DIST((_xlfn.NORM.S.INV($C$11)-SQRT($D$3)*$A180)/SQRT(1-$D$3),TRUE),TRUE)) | H180: =IF($D$12=0,1,1-_xlfn.BINOM.DIST($D$12-1,$B$12,_xlfn.NORM.S.DIST((_xlfn.NORM.S.INV($C$12)-SQRT($D$3)*$A180)/SQRT(1-$D$3),TRUE),TRUE)) | I180: =IF($D$13=0,1,1-_xlfn.BINOM.DIST($D$13-1,$B$13,_xlfn.NORM.S.DIST((_xlfn.NORM.S.INV($C$13)-SQRT($D$3)*$A180)/SQRT(1-$D$3),TRUE),TRUE)) | J180: =IF($D$14=0,1,1-_xlfn.BINOM.DIST($D$14-1,$B$14,_xlfn.NORM.S.DIST((_xlfn.NORM.S.INV($C$14)-SQRT($D$3)*$A180)/SQRT(1-$D$3),TRUE),TRUE))
